Komentar,Sentimen
saya suka karena di bagus dan tdk error,Positif
ko gk ada lagu ya yg bs di lihat gmn ni kk,Positif
Kok belum di perbaharui game ini d Desember 2018 ?,Positif
Kalu gak lama dimaini dia berupa menjadi kecil,Positif
seru dari.dulu pou emang gk prnh bosenin,Positif
Ini seru kalo yang gak downlot nanti pasti nyesel,Positif
Permainan ini bagus sekali pasti gak bikin bosen,Positif
Bagus sayangnya gak cheat cheat baru seru,Positif
"Biasa aja. Gk terlalu enak,gk terlalu suka",Positif
Seru Tapi kalo ulang tahun kaya gak tinggi2,Positif
yang gak instal pasti rugi gamenya bagus loh,Positif
berhantu gak ya aku gak pernah coba jam 3 pagi,Positif
Ada yang paling aneh. masa kucing gak ngejar tikus,Positif
permainan nya bagus siapa gak donlwan pasti nyesel,Positif
boleh dicoba bagi yang ga download bakal menyesal,Positif
betulan donk gratis ya awas kalo gak gratis,Positif
Gemyaseru tapi kalo kail ya abis ga bosa main,Positif
skrg kasi 5 klu g di setujui y tak kurangi jd 1,Positif
Moga sesuai nama dan bunga nya gak terlalu besar,Positif
cair.ga ribet.mksh rupiah cepat sangat membantu,Positif
cepet dan proses gk ribet...mudah2 cepet di acc,Positif
ok lngs acc dan sdh 2x tdk pakai ribet2,Positif
mantap satu hari langsung cair gak ribet,Positif
good tapi grafik masih kurang real tingkatkan lagi,Positif
gamenya bagus banget gak donlod bakal nyesel,Positif
"mudah dimainkan, bukan pay2win tapi main skill",Positif
gamenya bagus juga bukan pay to win,Positif
saya suka sma permainan ya bagus gk ada yg susah,Positif
Gamenya seru ... Ga bsen mainnya klo lagi jenuh ,Positif
Enak banget tau koalo gak download nyesel loh,Positif
oke cukup menghibur saat gak ada jaringan,Positif
"Keren bos, tdk harus online buat memainkannya",Positif
"Kerend bgt ne game,gak bosen maininya",Positif
seru seru bikin nagih semga gak bikin lemot ea ,Positif
saya tidak usah beli hp lagi cukup 1 hp 2 app WA,Positif
tolol yg ga tau cara gunainnya ga ush download pea,Positif
Nice yg bilang jelek hp lo yg butut . Gk tau make.,Positif
kata aku bagus banget ya yang ga donlot nyesel loh,Positif
Kalo gk terbukti bayar tarik kembali bintangnya,Positif
Waw bagus sekali yg gak dounwload pasti yesel,Positif
Sudah sebulan belum terbukti membayar saya tunggu,Positif
Semoga saja nti says WD gk ad msalah,Positif
coy gue br download jdi blm tau pasti bgus ap g,Positif
Saya gk terlalu seka karna belum keren,Positif
bagis bageeeeeeettt ini gak sia sia aku instal,Positif
My money sand in paypal... Belum di bayar $.5 .0,Positif
Banget deh kalau ngak donlod. Nyesel,Positif
Keren Bisa buat buka semua Gak bs ke buka Keren,Positif
Gimana cara downloadnya kok nggak bisa di download,Positif
Mantap gak nyesal pokok nya kasi full aja lah,Positif
"Nyoba dlu tp gk apa"" tak kasih bintang pull",Positif
Bisa kebuka broo ga rugi instal ajh klo ga percaya,Positif
Bgus tpi gk bsa di downlod tingkatkan lagi dong,Positif
"Mantap bro,coba deh gak bakalan nyesal pakenya",Positif
Ok banget cuman gak bisa di download,Positif
"kenapa ngak kebuka,padahal dah di kasih bintang 5",Positif
Siiip dan ndak ribet Semoga kedepannya lebih baik,Positif
saya suka aplikasi ini rugi kalok gak instal,Positif
emezing deh pokoknya nih aplikasi gak nyesel,Positif
asek mantap jiwa keng tak bisa e download,Positif
"Bagus sekali tidak banyak iklan, saya menyukainya!",Positif
Mantavv bokep indo kurang lengkap tpi :vos,Positif
"Good,GK kecewa, download video nya susah banget",Positif
keren cuma sayang ga bisa di downlod,Positif
Mudah digunakan dan cepat n ga ribet,Positif
Aplikasi yg sangat baik dan Tidak rumit,Positif
mantap jiwa dwonnload gk bakal nyesel,Positif
bagus di tingkatkan lagi ya. gak nyesel beneran,Positif
bergunaa bngtt gk akan nyesel pokoknya,Positif
Senang UD di buka pemblokiran gk. Nysal,Positif
bintang 5 dah.. meski video nya gk full,Positif
Bagus banget gak nyesel download app ini.,Positif
"nggak ada faedahnya, ayo buruan donwload",Positif
Bagus untuk saat ini gak ribet gak ada iklan,Positif
"Tdk suka ada iklan sngat mengganggu,.",Positif
bagus laa tuk dewasa..agar tdk jenuh,Positif
Sangat membantu. Dan tidak ada hambatan,Positif
jos yang tadinya tidak bisa sekarang good,Positif
sangat bagus tidak kecewa terimakasih admind,Positif
kenapa gak bisa di klik mengizikan ya,Positif
kenapa di aplikasi ini tidak bisa downlot vidio,Positif
mantap tapi gk ada cara downloadnya,Positif
tidak ada hal yg patut di rahasiakan,Positif
Simpel dan gak terlalu banyak iklan,Positif
kena apa flim y tak bisa di downlod,Positif
Bagus tidak perlu susah susah lagi wkwkwk,Positif
Ini baru aplikasi...kalo yg lain mah..ga mutu,Positif
Kembangkan lagi agar tidak lemot.. Lanjutkannn,Positif
Cuman kurang cepet buka'h doang. Lola,Positif
Bagus dan sesuai dengan ulasannya.ga kecewa deh,Positif
saya suka dnga aplikasi ini.ngak mengecewa.kan,Positif
Hanya 1 yg kurang... Agak lelet cok,Positif
semoga waktu liat video tidak putus2/lancar.bravo,Positif
"Mantap kali aplikasinya, bukan kaleng2",Positif
kenapa tidak bisa di unduh download ya,Positif
masih banyak yang tidak bisa kebuka,Positif
Joss.. Semogaa vidionya bukan dari yotobe saja..,Positif
"bagus banget,mudah2an tidak masuk penyusup di sini",Positif
"appsnya bagus,,ga bnyak iklan,,maju trus bos",Positif
Sangat bagus dan tidak mengecewakan,Positif
Belum ada yang berbahasa indonesia...,Positif
..tapi masih sedikit tidak sesuai harapan. .,Positif
Bagus.. tidak ribet pengoperasiannya..,Positif
"Simple,cepat, Mhantap.. N ga Nipu..",Positif
Simple gk ribet!! Bagus ngebut...gk kyk ...,Positif
Kereenn...gak pake ribet...iklannya kurangin ya...,Positif
bagus game nyh nyesel yg gak donload,Positif
game ini sangat bagus nyesel deh yang gak donload,Positif
gamex sangat seru yg nggak donwload bakalan nyesel,Positif
gimana sih kok gak masuk mSuk donglotnya nyebelin,Positif
Bagus nggak ada iklannya I LOVE YOU KAIL PANCING,Positif
gamenya seru banget yg gak donwlod pasti nyesel,Positif
"game yang seru, yakin ndak mau dowload nyesel lho",Positif
wow game ini keren banget sampai aku tak mau les,Positif
pengalaman blm pernah mancing ternyata asyik jg,Positif
Lumayan buat refreshing otak biar gak stress,Positif
manthap bnget yang gak download bakalan nyesel,Positif
"masih kurang faham cara mainnya , tapi josslah",Positif
gemsnya bagus tak kasih bintang 5 gemsnya seru,Positif
lumayan enak. maininya loh gak nyesel,Positif
gue gak bisa tidur dengan nyenyak ya ,Positif
Seru.. gk pernah ke laut tp udh kehibur.. thanks..,Positif
Seru banget games nya yg ga download pasti nyesel,Positif
Bagus nih game yg download gk nyesel deh,Positif
Ga Bakalan Nyesel Dehh Intall Game Ini,Positif
Game nya seru banget gak bosen bosen mainnya,Positif
bagus game ini nyesel kalo gk instal,Positif
sangat seru yang ga downlot pasti nyesel,Positif
game ini bagus yang ga dioawnlod pasti nyesel,Positif
Menyenangkan walau hti sedang nggk nyaman,Positif
Masih kurang greget tapi mantap lah,Positif
Kalian pastinyesel karna kalian tidak dongload,Positif
Seru game'y donlot gak nyesel dah....,Positif
kenapa sih bus nya g keliatan sma ga bisa main ya,Positif
kok di atas gak ada AC nya sih jadi rata atap nya,Positif
kok sy gk ada macet sih tapi its oke lah,Positif
ko udah beli bis tingkat mahal ga bisa di pake,Positif
mantap tapi 2 hari ini gak bisa maen game knpa ya,Positif
terus di update dong min biar gk bosen mainya,Positif
Kasih musiknya dong. ko belum d kasih musik,Positif
tambah map nya dong biar luas biar gak bosen,Positif
kurang rem sekep sama manual jangan metik,Positif
sangat seru tapi kok penumpang nya ngak nampak,Positif
"bagus,kurang jelas perjalan jauh denpasar-medan",Positif
suka sekali tp masih kurang perbaikan,Positif
rute Sumatera ke Jawa tidak bisa berangkat minta,Positif
bagus tapi belum ada untuk kalimantan timur,Positif
setelah di update. grafix nya. kok kurang jernih,Positif
"Mantull ini baru game, gak mengecewakan ",Positif
Bagus gamenya nyesel kalau gak didownloding,Positif
lebih baij main ini nggk bikin sakt hati,Positif
gw pnya akun coc yg lama kok ga bsa di buka ya,Positif
saya sampai TH 12 dua balas tdk PTS asa,Positif
Kalau ada pembaruan aq tdk mau kenapa terus maksa,Positif
Ini baru game jdi gk ingat waktu hehe,Positif
wah bagus bangat gemenya yg gak download nyesel,Positif
game nya bagus nyesel deh kalau gak dowmload,Positif
mantap dah lama gak main game clash of clans,Positif
seru banget biar udah ga semua maen coc,Positif
karena game nya seru banget tidak ada iklannya o,Positif
bagus  saya suka sekali game ini gak rugi download,Positif
udah bagus nggak rugi kalo udah main sampai 3thn,Positif
"HP kalian jelek kali, gk usah nuduh supercell",Positif
ngebak. gak ada prajurit yg trliahat saat war,Positif
bagus game nya. yg gk download nyesel deh,Positif
sangat lah bener bener baik apalagi ga pake data ,Positif
Sangat bagua rugi kalau tdk download,Positif
"permainannya sangat bagus, rugi kalau gak download",Positif
udah lama gak main banyak perubahan hehehe,Positif
min kenapa pasukan ku gak bisa di liat,Positif
Mantap game nya yg gk download nyesel,Positif
masih seru walau udah lama enggk main,Positif
yang gak instal pasti nyesel coc emang top,Positif
yg bilang jlek itu gk bisa maen nya,Positif
dikasi ramuan riset biar riset gak lama kali,Positif
bagus cakep cuma ngak da cuaca hujan,Positif
gak tau aja jadi pengen main aja gtu,Positif
Suka banget sama nih game.. dari dulu ga bosen,Positif
kenapa ndak bisa dimainkan lagi nie aplilasinya ?,Positif
Kenapa gak ada hog rider di base builder ?,Positif
Mantap bikin gak bisa berhenti main,Positif
game ini membuat ku gak akan stress,Positif
mantap dan juga bagus yg tidak istal rugi sekali,Positif
apknya keren nyesel klo nggak download,Positif
seru permainannya yang nggak punya pasti RUGI,Positif
sangat seru lucu dan murah tidak menguras kauta.,Positif
Mantap dan menjadi hiburan agar tdk bosan,Positif
Game Enak santai dan tidak bikin stress Game Seru,Positif
"Ga ada abis nya, mantabb makin keren",Positif
Seru permainan ini nyesel gak download,Positif
game legend yang tidak pernah pudar oleh waktu,Positif
emang ini masi lama bukan yang terbaru,Positif
nggak pernah ada matinya.. CLASH OF CLANS!!,Positif
kngen bgt sma game ini...udh 4 taun ga main ,Positif
jgn tanya-tanya lagi bagus apa ndak.. bacot,Positif
nostalgia... seru sih.. dah lama ga main coc,Positif
Bagus....tp kenapa sy gk bs buka yg lain ya..,Positif
game ini sangat menarik dan tidak membosankan,Positif
bagus namun kurang cepat laudingnya,Positif
"sangat baguss nihh,,tapi kok gak ad upgradex...",Positif
tidak mampu buka utk sinyal lemah. game ,Positif
coc tak akan tergantikan...tak ngebosanin,Positif
ada gangguan ya..? kok gak biaa masuk..?,Positif
menurut saya gak ada yang kurang dalam ..........,Positif
"Kren... Saya suka.., rekomended buat yg blum punya",Positif
udah bagus cuman ko ga ada tanda warnany,Positif
kenapa gak ada tanda tajwid dihuruf bacaan nya,Positif
sangat bagus pokonya ga nyesel deh lengkap banget,Positif
praktis gk perlu bawa Alquran yg model saku.,Positif
sangat membantu bwat yg blum bisa baca al'qurab,Positif
kenapa sebagian surat ga bisa di donlwoad,Positif
Sangat membantu saat tidak bawa mushaf,Positif
kok gak bisa didownload ya murotalnya?,Positif
aplikasi terbaik. tampilan ok. gk ribet,Positif
praktis lengkap dan ga ribet.jazakalahu khair,Positif
kenapa setelah di updete gak bisa di share.??,Positif
GAMENYA bagus yang gak donlod nyesel,Positif
ini game bagus banget. yg gak donlot pasti nyesel,Positif
Bagus sih.tapi aku blm coba in gamenya,Positif
GameNya Bagus Banget Nyesel Kalo Gak Download,Positif
gem nya sangat bagus Nyesel kalau ngak ndowload,Positif
Seru dan susah dan tidak pake kuota internet,Positif
Mantep dh klo kalian gak dowload bisa rugi ok deh ,Positif
Ga tau juga sih tapi kayanya Bagus nigeme,Positif
Hahahah gaerog gk tau maen..tp wapikk,Positif
Bagus sekali yang ngak dowload pasti nyesel,Positif
Good.... Permainnya simpel ga rumit cocok anak2,Positif
bagus baget ni game gak bosan dah dijamin,Positif
Bagus deh pokok nya kalau gk download bakal nyesel,Positif
Game menarik gk kalah seru dari Clash Royale,Positif
Tidak ada kata-kata lagi karena terlalu keren,Positif
Ga sabaran nih pengen main larfa heroes,Positif
Aku suka bangat smpe gk inget waktu,Positif
Gak pernah bosen mainin game yang 1 ini ,Positif
Bagus banget tapi arenanya kurang banyak,Positif
Game nya seru banget ga bikin bosen,Positif
game ini bagus gak rugi dowlot. game ini,Positif
Bagus sekali rugi engga domloadwww game  ini,Positif
Gamenya seru yang ga dowload nyeseldeh,Positif
Kalau kalian donload game ini pasti ngak nyesel,Positif
"sudah tidak lag,sangat bagus game recomendasi",Positif
Seru bangettt ga kaya yang lain seru pokoknya,Positif
Saya sangat suka. Yg tidak donlut akan jesal,Positif
Saya suka sekali nyesel kalo gak download,Positif
Game nya seru banget bikin nggak bosen,Positif
Suka sekali jangan sampai ga download ya,Positif
"seru sekali gamenya, gak bikin bosen",Positif
Yg download ini nggak bakalan nyasel  seru banget ,Positif
Ini game keren banget rugi kalo tdk download,Positif
Enak bnget gamenya stage hell ku kurang 1 udh smua,Positif
Kok nggak bisa dapet candy dari download,Positif
Pake yg kuning gk tamat tamat susah,Positif
Tak ke'i 5 mugo rx menyesalkan prmainane,Positif
waw... game larva ini gk pakek internet,Positif
Yg ga download game ini nyesel seumut hidup,Positif
Tadi main gt nyebelin sekarang gk bosen,Positif
"Enak ga ngebetein, kocak gamenya hhah",Positif
wow bagus banget! rugi loh kalau nggak download,Positif
jadi gak sntuk krna ad game larva heroes ini,Positif
Keren.. nggak bakal nyesel bagus kok,Positif
Lucu bgt gk nyesel donwload nya wkwk,Positif
"Oke  bangget, yang ngga download pasti nyesel",Positif
Game yang sangat seru nyesel bila gak download,Positif
Game nya seru BANGET bro kalau ga download rugi,Positif
Aku udah tamat tapi tetep gak bikin bosen,Positif
Gamenya asyik nyesel kalau enggak ndownload,Positif
Gila  gamenya gua gak nyesel download,Positif
Hebat apalagi tidak pakai bonus data,Positif
Mainan ini asik sekali dan ngga bosenin,Positif
"Seru.... Sama seperti di filmnya,gak bikin bosan",Positif
"menang terus,tapi ga ada hadiahnya.. hehe",Positif
Mantap lah buat ngisi luang..biar ga bete,Positif
Game nya enak gak ngebosenin kepingin maen terus,Positif
Gua gk pernah menang di level master sulit amat,Positif
"Tambahkan Mode Onlinenya bos,biar gak jenuh",Positif
game nya gak bosen bosen seumur hidup gue,Positif
Permainan keren tidak buang Huang waktu main ini,Positif
Permainan nya sedep tapi gak bisa main,Positif
Game nya gak ngecewain pokoknya top markotop,Positif
bagus Pasti kalau dwonload nggak nyesell,Positif
ukuran MB supaya ga hemat penyimpanan,Positif
Good buat pengasa otak tapi kenapa gak ada contoh,Positif
Gunakan bahasa Indonesia saya tak faham Inggris,Positif
Asikk klu lg bosen main catur lahh biar gk suntuk,Positif
Kenapa antara raja sama benteng ga bisa lukir,Positif
Seru banget ya gak donlot pasti nyesal,Positif
bagus tapi musuh2nya blm terlalu sulit,Positif
"Gamenya gak bikin bosan, mantap, pertahankan bro",Positif
"Geme ya asik ga bikin bosen,,,good lh buat geme ya",Positif
Karena gak ada alasan untuk tidak tau game ini,Positif
gema nya seru tapi engga bisa berdua,Positif
Suka karena gak mbosenin... makasih,Positif
bagus.jelas.pokoknya.nyesel klu.ga.dwounload,Positif
Bisa main catur tapi gak penuhin memory I'm happy,Positif
hmm kurang menantang dri tdi q menang terus,Positif
"Kurang Strength, MohonTambahin level nya..",Positif
Kata yg lain bagus jadi tak kasih bintang lima,Positif
"Kualitasnya bgus, semoga tidak ada kendala",Positif
Aku tidak bisa dibohongi oleh blogger,Positif
cakep parah dah mantep gw gk bego lg,Positif
sangat kreatif yg gak donwload bakalan nyesel...,Positif
ini gamenya bagus lo nyesal kalau tidak di dowload,Positif
seru sekali yang belum donlot buruan donlot,Positif
Game ini menarik yg nggak download nyesel deh ,Positif
Bagus sekali walau pun aku belum coba,Positif
tapi susah banget.....sampai aku gak bisa jawab,Positif
"Level 89 ny dong ditunggu,gak sabarrrrr niihhhh..",Positif
seruuu.. yang ngak dowload bakal nyesel deh ,Positif
Keren.tapi aku gk mainin tapi ibuku yang mainin :v,Positif
Kenapa level 21 tidak bisa di unduh?,Positif
Cuma sampai level 79 y? Gak ada kelanjutannya?,Positif
kalau gak bisa donlowt jawapan aja ya bayyyy,Positif
Permainannya seru dan mendownloadnya tidak lama,Positif
Aku nggak pernah berhenti main pokonya seruuu,Positif
Seru banget yang gak instal pasti nyesel,Positif
Wow bagusbanget tidak mengosongkan otak kita,Positif
"Mau pun aku tidak bisa,aku harus belajar",Positif
Seru banget kalo gak donlot pasti nyesel ,Positif
Aku suka banget Siapa yang enggak donlot nyesel,Positif
Lumayan melatih otak biar gak kurang dikit,Positif
Seru banget yang gak donlot bakal nyesel loh,Positif
Tambahin lagi dong level nya kurang rumit,Positif
kereen pokoknya gak nyesel downloadnya ,Positif
Otak kita tidak kosong kita bisa tahu,Positif
"Hanya orang""yg bodoh yg tidak tau jwpannya. . .",Positif
Saya suka banget  game ini yg gk dolnowat nyesel,Positif
Tebak gambar bikin otak kita gak kosong,Positif
Kapan nih level 67 aku udah ga sabar mau main lagi,Positif
"terbaik dah game'nya, gak nyesel ane main game ini",Positif
Lumayan susah sih tapi aku tidak menyerah,Positif
bagus bangettt yang gk download rugi!!!!,Positif
kurang menarik perhatian untuk jawabannya,Positif
Sangat mengasah otak rugi kalau tidak download,Positif
bagus banget deh kalo ngak donlot pasti nyesal,Positif
Game ini seru banget sampai engak mau berhenti,Positif
bagus ku kira gk ada ternyata harus nunggu ,Positif
ini aplks nya bagus banget dan tidak mengecewakan,Positif
bagus mantep pokoknya gk dwonlod nyesel,Positif
"Sangat bagus , yang download gak nyesel deh....",Positif
Bagus sih bagus tapi gak ada lagu BLAKFINK,Positif
aku gak bisa nginstal gak tau kenapa,Positif
Bagus sih tapi stilernya ga bisa di download,Positif
wah bagus bangat bm 12 pokoknya gak nyesal deh,Positif
Kok ada yang kurang ya. Kenapa hilang,Positif
bagus banget engak nyesel aku dongwlod,Positif
Berubah derastis hingga tak bisa dikenali lagi -_,Positif
Bagus banget yang belum punya b612 cepet donlot,Positif
B612 bagus banget ga ka ya yang lainya,Positif
saya ingin cameranya bagus dan tidak burem,Positif
Aplikasinya bagus banget pokonya engga nyesal deh,Positif
Bagus yg gak donlod rugi soalnya bagus,Positif
Aku tidak suka karena saat aku ingin memoto susah,Positif
Saya nggak nyesel donlod b612 kece bnr,Positif
Gem nya seru yang gak donlowt pasti nyesel,Positif
B612 bagus cameranya tapi aku gak ada ARnya,Positif
bagus banget yg nggak instal pasti nyesel,Positif
Bagus banget rugi deh kalo gak instal ,Positif
Bagus yang nggak dowlond nyesel deh,Positif
B612 sangat bagus rugi jika tidak mendowloadnya,Positif
Aplikasi ini membuat saya tidak bosann!!!,Positif
Bagus.yang dounload pasti gak nyesel,Positif
Baguuuuuus banget yang belum instal buruan instal,Positif
Bagus banget yang gak install pasti nyesel,Positif
Bagus banget yang ga download pasti nyesel,Positif
"stikernya bagus"" jadi ga nyesel download",Positif
Lagu pretty girlnya gak ada jadi aku kurang puas,Positif
Yg tidak mendownload pasti nyesel deh dijamin,Positif
Aplikasinya bagus tpi stikernya kurang banyak,Positif
Bagus sekali gk bakal nyesel donwloat,Positif
Apakah ini bagus nggaknya saya nggak tahu,Positif
enak bangat yang gak dowlot bakal nyesal,Positif
tidak bicara banyak pokoknya apk ini bagus bangat,Positif
"bagus banget,yg nggak download pasti nyesel dah",Positif
aplikasinya bagus banget. ga nyesel downloadnya,Positif
bagus bagus tapi kurang update frame dll,Positif
aplikasi keren tidak kala dgn aplikasi komputer,Positif
"keren sih, smpe gini puas bnget gk tau kedepannya",Positif
"Bagus, yg gk download psti nyesal deh",Positif
bagus banget deh. yang gak download pasti nyesel,Positif
bagus aplikasi nya gak nyesal gue download nya,Positif
baguss bangett tapi gak bisa banyak ya fotonya,Positif
percepat pngeditan. agar tidak satu persatu,Positif
tolonga itu bahasa indonesiain ya gak ngerti,Positif
sangat membantu semoga fontnya gak berbayar,Positif
bagus sekali apk nya yg ga download nyesel :v,Positif
Bagus pokonya deh kalo ga instal nyesel loh!!,Positif
ga pernah bisa kecewa si sama apk ini..luvv bgt,Positif
Aplikasi ini bgs bgttt yg ga donlot nyesel,Positif
"Berkarya dengan apk ,gak harus kaya",Positif
Sering kali keluar aplikasi dan tidak ada undo..,Positif
"Editor photo terbaik, simpel, gak ribet",Positif
Bagus banget yang gk download nyesel loh,Positif
Iklan gak usah berulang ulang ditayangkan,Positif
Keren dan kadang sering tidak menanggapi,Positif
Bagus..... banget yg gk downlod mungkin nyesel...,Positif
Ga ada kata lagi selain aplikasi keren,Positif
Sngatt bagus..tpi bnyak filter yg tdk bsa k buka,Positif
Apk nya bagus banget rugi banget ga download,Positif
Kanpa emoji nya tidak bisa di gunakan,Positif
mantap lagu nya asik tp kok ga ada dewi persik yah,Positif
Tidak ada kata lain selain MANTAP  Love it,Positif
lagu apa aja ada di joox gak makan banyak paket.,Positif
gak susah nyari lagunya ( komplit ),Positif
keren dan membuat orang tidak bosan,Positif
mudah digunakan.. simple..gak ribet..,Positif
bagus pertamanya gak jls sih tapai kelaman jd bgs,Positif
ga bakal pernah ketinggalan lagu2 yg lagi nge hits,Positif
"dengerin musik lebih enak, gak boros kuota",Positif
bagus cuma lagu2 barunya kurang update,Positif
"Terbaik , Kurang peka sama Sama Liriknya aja",Positif
menyenangkan tapi hanya pilihan lagunya tidak full,Positif
"manyap""tapi untuk""lagu lagu daerah nya kurang full",Positif
cara unregny bgmana? tidak ada di playstore,Positif
sangat mantab..tdk ada yg mengalah kan..puas puas,Positif
suka nggak perlu bayar bisa dengar lagu ,Positif
joss... religinya aja yg kurang lengkap,Positif
-Aplikasi Top . -Tidak Ada kata Penyesalan ,Positif
cukup bagus tidak sia sia dowenload apk ini,Positif
bagus banget aplikasinya yang ga donwdload nyesel,Positif
sukaaa text yang gratisnya kurang banyak,Positif
Aplikasinya keren .. gak kecewa downloadnya,Positif
Bagus banget.Nggak nyesel downloadnya,Positif
kenapa nggak bisa berlangganan yah???,Positif
sangat keren sekali nyesel kalok gk pakek ini.,Positif
bagus sekali nyesel kalo gk di donlod,Positif
bagus banget jangan sampai gk dowlod,Positif
Bagus saya suka aplikasi ini gk rugi kok,Positif
walaupun belum di coba saya beri bintang lima,Positif
Aplikasinya bagus banget nyesel kalau gak downlod,Positif
lumayan mengisi tapi knp kok kurang tutorial nya,Positif
ini sangat bagus rugi kalau gk instal,Positif
saya belum coba tapi saya yakin ini pasti bagus,Positif
Bantu saran jika ada hal yang tak verifikasi .,Positif
bagus banget yg gk download nyesel deh,Positif
gak bakalan nyesel download apk ini goodd,Positif
ga pernah kecewa sihhhh. GOOD !! Pertahankan ,Positif
"Apl nya bgs bgt aku ska fiturnyaa,,gk bkin enekk",Positif
Ga ada yang bagus lagi selaimn Viva Vidio,Positif
Sangat mudah di gunakan gk ribet seperti yg lain,Positif
Bagus banget sumpah yg gk download nyesel deh,Positif
Aplikasinya bagus tp sayank kurang keren,Positif
aplikasi ini sangat bagus #gak downlod nyesel,Positif
apk nya keren yg gk dwonload pastinyesel:v,Positif
bagus tapi saya gk tau Cara simpen di galeri,Positif
gk sama yg lain..ada sebagian aplikasi yg ilang,Positif
"aplikasi mantap,, pokoknya gk bakal nyesel",Positif
baru mau coba..kalau gak bagus kurangi bintangnya,Positif
keren abis awal nya gak bisa lama2 faham juga,Positif
"sangat bermanfaat, nyesal kalau enggak dowload,",Positif
wah... yang jelas ga jadi bete nunggu waktu,Positif
bagus dan tak ribet saat menggunakan nya...,Positif
Cakep banget deehh...yg gak download nyesel daahhh,Positif
bagus banget tapi kok gak bisa tambah 2 video kak,Positif
Croma key nya dimana samap gk bisa edit!,Positif
Pokok nya keren lah gak nysel instal aplikasi nya,Positif
gw sih mantappp tpi gw belum tw cara pakeknya,Positif
sumpahh keren gaesss kalau gak bisaaaa sukuriiin,Positif
coba aja kinemaster gak ada watermak nya,Positif
bagus banget gak nyesel deh download aplikasi ini,Positif
Keren abis bro nyesel kalu gak download ,Positif
Mantap sekali Gak Download yesala selamanya,Positif
kurang sedikit tambahan pada move editnya,Positif
Bagus gk jelek cuma mungkin agak susaj,Positif
kenapa tidak sda chroma key nya bng,Positif
Fotonya jadi blur gmn caranya biar tidak blur,Positif
menyenangkan walau blm benar-benar bisa,Positif
aplikasinya enak buat edit video gak lemot.. ,Positif
Ngga nyesel pnya apl sperti ni...mantap,Positif
Aplikasi yg simpel dan tidak alay..,Positif
Bos knpa sekarang lapisan video gak di dukung.???,Positif
"Berlangganan skrng gk bisa pke pulsa, knp ???",Positif
Gemesnya seru tapi tampilannya kurang baik,Positif
game sangat seru gak akan rugi kalau download,Positif
kalau mau gak ada iklan matiin data seluler nya,Positif
ini bagus bangaet deh yang instal pasti gak nyasel,Positif
Gamenya bagus banget gak donlowt pasti nyesel,Positif
Kok belum di perbaharui game ini d Desember 2018 ?,Positif
bagus nih game rugi kalok gak download,Positif
sangat seruu gamenya nyesel gak donload,Positif
Kenapa ngak bisa di pindah ke exsternal,Positif
"coba dulu,..,. blm tau main nya gmn",Positif
bagus banget yang gak instal rugi pastinya,Positif
Game maling gokil seru Yg gak download nyesel,Positif
Kayanya mah bagus belum di liat baru di donglot,Positif
Seru banget yg nggak donlod oasti nyesel,Positif
Bagus. Sekali. Yang. Engak. Donlot. Pasti. Nyesel,Positif
Bagus sekali yg gk download pasti nyesel deh,Positif
Ih seru banget yang ga download nyesel deh,Positif
Permainan ini tidak bangat karena kaya bool,Positif
"Jangan tiru, game nya ngajarin gak baik",Positif
"Aku suka banget game ini,gak bakal nyesel deh",Positif
"Gamenya asik dan bagus banget, nda bikin bosen",Positif
Gamenya seru kalu yang ga donlot mampus,Positif
Wa seru sekali permainan ini engga nyesal de temam,Positif
"Seruu banget, nyesel kalo gk nyobain",Positif
Bagus banget seru yang gak donwload bakal nyesel,Positif
Yg bilang gk bisa bukan salah game ny salah hp ny,Positif
Kok robbery bob yg ke 3 dan 4 kurang asyik,Positif
Gamenya seru banget nyesel kalau gak nyobak,Positif
luarbiasa permainan ini kalau ngak donlot nyesel,Positif
Mainan ini seru sekali ya bikin gk bete,Positif
Sangat bagus yang gak download pasti nyesel,Positif
Bagus banget yang gak dowlot nyesel pasti,Positif
Seru banget gamenya rugi kau gak dwonload,Positif
Game nya bagus sekali aku sampai gak lihat waktu,Positif
Permainan nya seru dn tdk membosankan,Positif
Seru loh yang gak download rugi loh,Positif
Bagus game nya gak sia sia download,Positif
geme nya seru banget yang engga donlot nyesel lo,Positif
Gamenya terlalu bagus kalo gak donlot nanti nyesel,Positif
Game nya seru banget nyesel gak doawnload,Positif
Seru game nya yang gk download pasti nyesel,Positif
Keren bagus nggak bosen main nya pokoknya ,Positif
Game terbagus didunia yang gak donload rugi,Positif
Gamenya seru banget gak donlod rugi makasih,Positif
Permainannya baguss sukaa nyesel lho gk download,Positif
Bagus sekali terus mainannya tidak bosan,Positif
Saya suka sekali tidak pernah bosan seru,Positif
Seru banget aku gak mau hapus permainan ini ah,Positif
Memang bagus pokoknya yg gak dowload rugi,Positif
Seru bngt game nya gk bosen2 maininnya,Positif
Game nya keren yg gak download nyesel pasti,Positif
"Gamenya terlalu ez , gk smpe seminggu dah tamat",Positif
"Enak banget permainan nya,nyesal yg gk donlowd",Positif
Mantap tapi kurang seru animasi sama tantangan nya,Positif
Game ini seruh ayo instal rugi kalau gk instal,Positif
Bagus sekali lho yang gak donlod pasti nyesel,Positif
Game ini sangat bagus rugi kalau tidak douwnlod,Positif
Seru baget tidak terasa waktu unkuk buka,Positif
bokepnya seru yg gak dowload nyesel,Positif
coba langsung 5 kebuka gk ini alikasi,Positif
yg ga bisa buka brti hp nya jelek iyah kan,Positif
lima bintang walaupun gw blum mengerti caranya,Positif
aplikasinya sangat bagus dan nggak bnyak iklannya,Positif
keren aplikasinya nyesel klu gk Download,Positif
Mantap Hp samsung J2 primeku skrang tdk lemot,Positif
ku kan coba biar pun blum prnah smoga mmbantu aku,Positif
Lumayan bagus hp xperia saya jadi nggak lemot,Positif
"Dicoba, kalau gak nyoba gak bakal tau.",Positif
Kalo ngak ada iklan ngak dapet duit yg buat,Positif
Yang komen ga jlas hp lu yang butut,Positif
Sangat membantu. Kalo nggk ngula di pake lama,Positif
"Aku ksh lima bintang, mdh2an tdk mengecewakan",Positif
"bagus banget , hp saya jadi tidak lemot",Positif
sdh sy tambhin tpi knp tdk bisa buka lgi,Positif
Bagus banget Walau aku blum pernah buka ni aplksi,Positif
tv indonesia tdk lengkap itu yg sedikit kecewa,Positif
ko tdk bisa digunakan aplikasi maxstream,Positif
Suka bangett!! Tp masih kurang channelnya,Positif
Mantap . GK nyesak gua punya aplikasi ini,Positif
berisik.ga bisa d heningkan bnyk pemberitaun,Positif
Saya tidak senang dengan aplikasi banyak iklan,Positif
"videomaxnya tdk terpakai, gmn caranya",Positif
mengapa UEFA CHAMPIONS LEAGUE tak ada siaranya?,Positif
tidak biaa menggunakan kuota maxstream,Positif
semoga lancar & tidak mengecewakan kmi,Positif
Aku dah gak bisa bilang lagi. Kerennn...,Positif
"ringan cepat dan tidak banyak makan RAM, very good",Positif
"Bagus, ngga rugi beli apalagi waktu diakon",Positif
"Kerenn banget , gak nyesel pakai aplikasi ini",Positif
"ntap dapet murah lagi, gak nyesel beli ori",Positif
Versi prime memang sangat bagus gak rugi bayar ,Positif
"Good launcher, ngak sia beli yg prime..",Positif
Gak jadi ganti handphone gara gara ini.,Positif
"keren gak sia-sia beli ,update lagi dong",Positif
"App keren, dg harga discon, ngak pakai lemot",Positif
"Smooth, simple, dan tidak makan bnyak resource ram",Positif
tidak mendukung semua widget samsung galaxy note 4,Positif
Tak bisa diungkapkan dengan kata kata,Positif
Simple dan enteng.... Tidak rugi belinya..,Positif
Gamenya bagus saya jadi gak berhenti main,Positif
Gak sia sia saya bayar untuk beli game ini,Positif
"Bagus, tp perlu pembaruan biar tdk bosen.",Positif
keren banget siapa tidak donlowd rugi lo,Positif
"Overall good, belum ada yang dikeluhkan",Positif
kalo gk pengen ada iklan matiin DATA/WIFI :D,Positif
Aku suka grafik nya gak download rugi sekali,Positif
Seru baget loh kalo yang enggak download nyesel,Positif
gamenya bagus tapi kok jadi gak bisa creativ,Positif
Kalau gak mantap aku hapus game ini,Positif
Apa bedanya ya pro sama tidak plis di jawab ya,Positif
gamme nya bagus tidak kalah sama rust,Positif
Grafik kurang tpi survive nya menantang,Positif
Grafiknya kurang real mohon di perbagus grafiknya,Positif
Super keren *tapi belum download :v,Positif
"GrafikNya Agak Kurang, Tapi LumayanLah,,,",Positif
Suka sih...online apa gk sih?? Bingung w,Positif
Sangat bagus ini game ini tak tahan ini,Positif
"Grafiknya Gud ea GA sia"" ngabisin 5 ribu rupiah :v",Positif
Ga ada masalah dalam menjalankan game (Xiaomi Mi5),Positif
Ini game berat gak minta jawabanya dong,Positif
Keren lah di hp oppo gua gak ada kata lagi,Positif
Bagus juga ni game mantap ga sia sia saya download,Positif
Mantap bro. Kalau lu download ndak bakal nyesal,Positif
Mantap deh game nya gak nyesel download ini,Positif
Semuanya oke kecuali ga ada story doank,Positif
Keren banget udh download kalo engga nyesel,Positif
Gokhiel abis ampe ga tidur maen terus,Positif
Lancar di HP xiaomi note4.. Gak nyesel deh beli,Positif
Mantab lah ni game Ga nyesel beli..wkwk,Positif
Keren nyesel yg nggak beli game' ini :v,Positif
Bagus. Gak rugi beli ni game. Is the best,Positif
Semoga bagus biar gk rugi download nya,Positif
Lancar Sekali tidak Ad Kendala god Job Ubisoft,Positif
Keren coy enak gamenya bikin gak bosen kalo main,Positif
"Diskonnya gak kek dulu,yang 3000 Tapi gak papalah",Positif
Harusnya tidak online dan bahasanya ada indonesia,Positif
susah nyimpen rekamanudh 2 hari ga bisa nyimpen,Negatif
pke hp samsung gak bs conect karaoke.,Negatif
Ngga bisa dimainkan . Harus pakai kuota internet,Negatif
Cm ngabisin paketan doank gk bsa d buka,Negatif
Gak. Bisa dimainini buka langsung keluar,Negatif
Selalu tidak menanggapi game apaan noob,Negatif
sekarang tidak bisa simpan gambar..why???,Negatif
Kenapa gk bs di save si pict yg hbs di download...,Negatif
aneh loh masa ga ada di galeri lagi kambing,Negatif
"udh ga bisa unduh gambar,mending di uninstall aja",Negatif
habis diperbaruhi malah gak bisa nyimpen foto,Negatif
ttp gk bisa save. updte mlh tmbhh hancur,Negatif
"abis di upgrade, tetap gak bisa unduh gambar.",Negatif
Jadi ga bisa di save ke galeri sekarang!,Negatif
"payah,setelah di update malah jadi ga bsa ngesave,",Negatif
kecewa sekarng nggk bisa save gambar,Negatif
ternyata semua ngalamin gak bisa ngesave gambar ,Negatif
gambar yang saya simpan tidak masuk ge galeri saya,Negatif
gambar yg disimpan tidak masuk galeri,Negatif
tidak bisa lagi save gambar ke galeri ,Negatif
"kurang bgus, udah gk bisa save foto-_-",Negatif
parah.. dah ga bisa save pictnya lgi,Negatif
kenapa gambar nya ga masuk ke galeri?,Negatif
waktu simpan gambar kok gak ke simpan?,Negatif
gambar yang di simpan tidak masuk galeri,Negatif
tidak bisa save gambar ke galeri lagi,Negatif
skrng knp gambarnya gk kesimpen digaleri?,Negatif
gak tau knp tiba2 ke blokir sendiri,Negatif
ga bgus gak bisa di unduh gambarnya,Negatif
yang sekarang nggak bisa save ke galeri hehe,Negatif
"mau masuk ga bisa,, bbikin baru juga gak bisa bgst",Negatif
Akhir2 ini kurang bagus.suara kayak robot,Negatif
Daftar tidak bisa. Loading lama sekali,Negatif
Bintang satu aja dulu soalnya blm tau oke,Negatif
Aku nggk suka. Tapi nggk bsa di hapus !,Negatif
Auto answer gak fungsi untuk panggilan video,Negatif
Masa gak bis@ dibuka.app apa namany ini,Negatif
"Kenapa skype ga bisa kebuka ya, pdhl sdh di update",Negatif
"Anda tidak memiliki kredit skype, katanya gratis",Negatif
"Aneh, tiba2 VC gak ada suara.a Skype ini..",Negatif
Apa an ini semua lagu gak bisa di puter,Negatif
Sekarang gak bsa muter sambil di rekam layar ya,Negatif
Aplikasi apaan nih gak bisa di geser fidionya,Negatif
apa2an  gk ada movie yg ad cuma video2 dari hp gw,Negatif
untuk file mkv kadang muternya gak sampek habis,Negatif
Nyetel video gk kliatan gambar nya... Cm Suara aja,Negatif
Putar satu selesai. Gak bisa next kaya player lain,Negatif
awas aj klo gk ad fidio nya tak hajar,Negatif
Gak bisa buat memutar video dengan format mkv,Negatif
Belum coba. Nanti klw mantap bonus 4 bintang,Negatif
saya tidak bisa melihat hasil donlwoad tan,Negatif
ga bisa komentar dasar robot penuh dgn kecurangan,Negatif
"UC news berita mu tidak bermutu, sampah",Negatif
suka elor terus engga kaya dulu lancar,Negatif
gak usah di download makin parah...,Negatif
Gk bisa buat dwonload ssma streaming rugi banget,Negatif
Maaf menurut saya ini sepertinya kurang membantu,Negatif
Kasih 1 dulu klau bagus gak lemot di kasis 5,Negatif
"Abis update Malah ga bisa di pakai, parah",Negatif
Ngantuk 2 download e tapi GK knek di bukak,Negatif
Masih kurang maksimal untuk versi android,Negatif
"Gak Bagus, Sering muncul iklan / brosur",Negatif
pop up notifikasi tidak bisa diklik,Negatif
"pop up iklan masih sering masuk, ga bisa di blok",Negatif
tai setelah d update gk bisa buka anime,Negatif
Skrng pake http suka ga ketemu web nya,Negatif
kebanyakan update padahal nggak sering di pake -_-,Negatif
versi baru tidak bisa buat searching,Negatif
terpaksa ane download...ga ada pilihan,Negatif
"Benci gue liat nya, bolak balik masuk notification",Negatif
Kalau Ke Savefrom Malah Aneh Gk Jelas,Negatif
banyak konten porno yg ga wajar ditampilkan,Negatif
instalan crom saya blm bisa di pakai. kenapa ya?,Negatif
Iklan yg tidak penting selalu keluar,Negatif
belum di coba jd belum tau hasilnya,Negatif
"Pop-upnya parah, tidak bisa di disable",Negatif
history penelusuran tidak bisa dihapus .. kacau,Negatif
Malah ga ada gambar nya sekarang? uninstall,Negatif
"Nggak ada situs bokep nya ,malas ahhh dowdloud nya",Negatif
Tidak biasa untuk mendownload anjing!!!,Negatif
apliksi malah bikin rusak bukan balikin foto.,Negatif
satu aja udah cukup.. makin ga jelas APPS LITEnya,Negatif
bangke semenjak update jadi nggk bisa buka group,Negatif
d perbarui malah gak bisa buka beranda parah,Negatif
fb lite ini kurang memuas kan karna sering eros ,Negatif
"Apl semakin jelek,tidak bisa digunakan dengan wifi",Negatif
kok sekarang tidak bisa buka Pemberitahuan,Negatif
"buruk, ancur poko nya gak bagus sama sekali .",Negatif
Gak enak di pake si... Ribet gak bisa buat foto,Negatif
Kenapa gk bisa bikin vidio siaran langsung yh,Negatif
Kenapa gue ga bisa buka fb lite njer ,Negatif
"parah, malah gak bisa kebuka sama sekali",Negatif
parahh buru di update tapi gk bsa di bukak,Negatif
"gk cocok bngt nie fb dikit masalh dikt"" msalah trs",Negatif
kenapa begi Facebook lite tidak mau konet,Negatif
aplikasi taii asuuu di prbarui mlh gk bda d pakai,Negatif
knp punya ku ga bisa buat nonton vidio sihh...,Negatif
kurang sip maklum lah MB nya aja kecil.. hahaha,Negatif
"kok pakai wifi gak bisa sihh,maunya pakai kouta!",Negatif
kok gak bisa di gunakan ya fblite ny..,Negatif
kenapa buat putar video kok tidak ada suaranya ya?,Negatif
jancuk ga jelas ga bisa cari pencarian jancuk,Negatif
"di perbarui bukan ya baik,tambah lemot ni",Negatif
jelek banget sekarang ga bsa buka beranda,Negatif
aplikasi tai jaringan 3G gk bisa buka lemot ajig,Negatif
percuma lite aku perbaharui tapi gak berubah payah,Negatif
updete terus gak ada fitur yg baru percuma,Negatif
kenapa menambah foto di album ga bisaaa,Negatif
lite ga jelas masalah terus kluar tulisannya,Negatif
jaringan full gak bisa akses exelent app,Negatif
kok fb aku gk masuk2 mentok di loadingnya .,Negatif
itil moyong yg bikin serit udah belum ngewe,Negatif
KONT*L KETIPU INI BUKAN APLIKASI NGIRIM TERIMA,Negatif
"kirim rindu gk bisa, aplikasi kurang bagus",Negatif
"appnya kurang gud.. because mutar video macet""!!!!",Negatif
tidak bisa menerima pesan dari share it lain,Negatif
iklan banyakin lagi biar nnti tak uninstal,Negatif
Terlalu banyak iklan & video gak jelas!,Negatif
"makin gk jelas, mlah lama buat ngirim fil...",Negatif
shareit mah malah virus jadi gak usah download ya,Negatif
tambah nggak enak + mempersulit transfer,Negatif
Tidak bisa di pakai share it anjing,Negatif
jadi lelet ga kaya versi yang sebelum sebelumnya,Negatif
aplikasi tai ribet gak guna bangsat,Negatif
sekarang shareit gk guna susah di pakainya,Negatif
kurang bagus yang dulu lebih cepat ,Negatif
udh di instal brulang kali tpi gk bsa di buka,Negatif
aku gak suka massanger yang sekarang,Negatif
sring gk bisa d baca klw ada inbok..,Negatif
kalo ada yg chat nggak ada notifikasi nya,Negatif
terlalu banyak iklan jadi kurang bagus,Negatif
terlalu sering update yg gk penting ,Negatif
gk bisa d liat panggilan tak terjawab nya,Negatif
kenapa di layar saya gak mincul gambar messenger?,Negatif
kok gambar ngak kebuka setelah du updeat,Negatif
kurang baik karena kiriman status tak kelihatan,Negatif
sebaikxa messenger tdk perlu selalu dPerbaharui,Negatif
Punya saya tidak bisa melihat cerita,Negatif
pembaruan bukan makin bagus.makin goblok aja,Negatif
tidak bisa kirim pesan setelah di perbaharui,Negatif
terlalu sering update. tidak efisien,Negatif
tidak suka dengan meseenger yang sekarang!!!!!!,Negatif
kurang bagus...enakan persi lama dri pd yg skarang,Negatif
update mulu gak ada perubahan sama sekali,Negatif
Tak can minta perbaharui terus habisin kuota aja,Negatif
"kurang oke, gitu gitu aja lawas baru podo wae",Negatif
"pesan yg tak bersuara,bs stop sendiri",Negatif
Tidak Bisa Bahasa Indonesia Paraaahh..........,Negatif
belum dapat melihat pesan messenger,Negatif
Messenger gue kok belum keUpdate Update? kecewa ,Negatif
jangan di updet terus dong sama aja ga ada bedanya,Negatif
permintaan pesan gk kelihtn sekarang,Negatif
"sy merasa gk nyaman dgn pembaruan ini ,",Negatif
tidak sesuai gambar yang di tunjukan,Negatif
kecewa gk bisa d perbarui yg ada mala tmba ribet,Negatif
"Kok balon notifikasi saya gak ada, solusi dong",Negatif
gak ada perubahanya sama aja kaya yg lama,Negatif
kenpa kok yang aktif gak bisa lihat,Negatif
masa gk bs liat pesan ap sinyal gwe ap appnya yh?,Negatif
pas di perbarui ni makin tak jelass,Negatif
Gak bisa bikin group... Bagusan yg dlu...,Negatif
Gk bisa kome dan gk bisa liahat komentar orng,Negatif
knp kok gk busa dowload bagusan yg dulu,Negatif
gak nyaman harus buang data 2 x borosss,Negatif
waktu aku sipan gak bisa aku kasi bitang satu,Negatif
gak bisa Download video setelah di update,Negatif
bajigan udah ngak bisa di download aplikasi tai,Negatif
Tidak bisa buka di galeri mending dihapus aja.,Negatif
Selalu macet dan tidak bisa di play lagi,Negatif
makin gk beres ini youtube gooo uninstal aja,Negatif
tiap nonton kejeda terus gak bisa diplay lagi,Negatif
sekarang udah di download kok gak bisa di lihat ya,Negatif
napa klo jeda gak bisa di pecet sh payah,Negatif
tempat pa ini donlot nya bahasa hindi. ga jelas,Negatif
kenapa sekarang tdk bisa mendownload,Negatif
jangan di download kalo Anda GK mau rugi,Negatif
sekarang udah gak bisa download video lagi,Negatif
gak ada download kalo pakek data asw,Negatif
keren tapi gak bisa buat chanel youtube di sini,Negatif
Kok gk ada pilihan download nya - _-,Negatif
kenapa nyari dipencarian gak ada tulisannya ,Negatif
vidionya kurang update.gak sperti YB sbelah,Negatif
kenapa sekarang kok nggak bisa unduh vidio!!!!!!!!,Negatif
kok nggk bisa di perbarui punya gw?,Negatif
kmp ko gak bsa ng vot lida sih susah masuk nya,Negatif
Gak bisa beli diamond Free Fire pake pulsa,Negatif
"Tidak semudah dulu, sekarang malah ribet",Negatif
"udah 2 bulan barang gak sampai, banyak penipu.",Negatif
gw mesen 4hari blum datang hahahab bego,Negatif
ini kenapa saya sudah 5 hari belum terima barang..,Negatif
banyak pedagang yang gak jujur dan terkesan menipu,Negatif
potongan ongkir nya kok serasa tidak benar ya.,Negatif
belum pernah melakukan belanja lewat ini,Negatif
sering macet aplikasi dan sering tidak menanggapi.,Negatif
Kenapa gak bisa klihatan gambarnya..,Negatif
punya koin gak bisa dipake ....smpah jadinya,Negatif
parah.. ga bisa search toko/barang..,Negatif
apa shopee tdk punya kurir sendiri...yah...,Negatif
saya main shopee potong malah ga ada koin,Negatif
"kenapa berandanya gak ada gambarnyya,, uhhhh",Negatif
karena belum paham saya kasih 1 bintang dulu,Negatif
hadiah jbl gak bisa di ambil selalu kosong ae.,Negatif
Tidak bisa check out padahal baru instal. Payah,Negatif
kenapa kalo mau pesen alamatnya tidak sah terus!,Negatif
ribet login nya gak jelas uninstal lg aja !!,Negatif
kenapa tidak bisa menambahkan kan kode pos sendiri,Negatif
Kenapa sih suka nggk bisa check out.,Negatif
saldo tak kembali ikuti shopee berhadiah,Negatif
kenapa ga ada pilihan produknya .trus bleng bleng,Negatif
ongkir x tidak sesuai waktu cek dengan waktu pesan,Negatif
ga jadi pake applikasinya jelek parah,Negatif
kode pos nya gk bisa di sesuaikan!!!,Negatif
Uang tidak kembali 100% id carolinshe,Negatif
gak bisa pilih metode pembayaran :'(,Negatif
kasih ulasanpun percuma tak ditanggapi,Negatif
Susah login... kode verifikasi GA dikirim-2,Negatif
shopee tidak tegas jika saya melaporka,Negatif
kenapa gk bisa bayar cod seh ini aplikasi...,Negatif
tlg dong paket say dr tgl 18 januari blm ada kabar,Negatif
barang udah sampai tapi kecewa ngga sesuai gambar,Negatif
Apagunanya fitur batalkan kalau ga bisa di. Gunain,Negatif
kenapa yah aku gak bisa bayar ditempat lagi??,Negatif
pesanan tidak s3suai gambar tolong di perhatikan..,Negatif
game telek di buka gak bisa jangan di dwonload,Negatif
Bodo ahh punya ku kok gk bisa kebuka,Negatif
kok temple run 2nya gk bisa dimainin sihh,Negatif
ini permainan aneh kalo ga ada kuota pasti ganti,Negatif
Masa gak bisa beli map padahal gems udah 500 lebih,Negatif
Permainan nya gak seru yg udah instal pasti nyesel,Negatif
Game ini tdk boleh agama Kristen main ini lah,Negatif
gamenya ga seru nyesel gua donwload,Negatif
Seru sih tapi kok gak seperti di gambar,Negatif
Permainan yah tidak sesuai di gambar,Negatif
Kok gak bisa kebuka sih  Nyeselin banget nih game,Negatif
Ko k lemot s8h pake dasel gak sih.h males,Negatif
"Gj game apaan nih, baru download gk bsa di buka",Negatif
Dasar babi ini gemers kok malah enggak bis buka,Negatif
Gk seru semenjak diperbarui oooooo gk enak,Negatif
Click permainan ini tak suka mau saya APUS lagi,Negatif
Ga bisa ke buka nyesel gua dah Download,Negatif
setelah update.malah gk bs kebuka.hufttt,Negatif
Ko beda sama yg di gambar sih ga seru,Negatif
"dadu anjing, setingan computer tidak adil",Negatif
knpa ya d hp q permainan ludo king gk ke buka..,Negatif
knpa klau mlm hari ga bisa main online,Negatif
keamanannya kurang terlalu banyak orang yang cheat,Negatif
game apa ini...tdk pernah bs menang,Negatif
apk goblok kalo lawan India gak pernah menang,Negatif
diamondnya utk apa...kq gk bsa dipakai.,Negatif
"gaj bagusss,,diamond tidak berguna,,,",Negatif
pemain selain india tdk akan pernah menang,Negatif
kalo gak di mainin koinya berkurang,Negatif
ludo nya kurang seru alias kurang hebat,Negatif
terlalu besar ruangnya..gk bisa di update,Negatif
kebanyakan iklan mau main tidak tenang,Negatif
Jelek gak masuk logika cara kocok an dadu nya,Negatif
game paling ga bermutu ngabisi nwaktu doang,Negatif
mihak ke india gak ya versi sekarang,Negatif
"Game tidak bermutu, dadu tidak random",Negatif
game yg aneh dan tidak ada keadilan....,Negatif
kurang puas..nanti klo puas di ksh bintang lgi..,Negatif
kebanyakan ga adilnya klo putar dadu..,Negatif
"baru nyoba,ntar ditambahin klo gk bnyak iklan",Negatif
"ada kosa kata nya, jadi kurang gregetttt",Negatif
tak ksh 1 klu bgs nnt tambah bintang,Negatif
"Tak kasih satubintang duluya, karna kurang asyik.",Negatif
Jelek permainan nya trus gk ada bantuan,Negatif
Benci banget masa biar gak ada iklan harus beli ,Negatif
Ih baru buka udah gk bisa nyebelin tauk,Negatif
gak kepasang pamsang nyesel deh yang donlod,Negatif
"Masa jadi pencuri sih, itu kan gak boleh",Negatif
"gak enak dan gak seru , udah gitu lemot lagi",Negatif
game apaan ni ga kena merahnya kok di angap salah,Negatif
kebanyakan iklan engga seru jsdi ngelek,Negatif
hahaha udah level500 nih ngak dpt apa apa,Negatif
ini ga bagus masa selalu ada gangu ga bagus dasar,Negatif
jangan install ini game gak mendidik,Negatif
game ini tidak enak dan bikin goblok,Negatif
Game ini cukup bagus tapi tidak tertarik abc,Negatif
Aku gak. Suka permainan ini jelek banget,Negatif
game ini tai masa pou sakit gak bisa sembuh,Negatif
Tidak aplikasi nya mem punyai iklan,Negatif
Permainan ya aneh ga bisa beli baju,Negatif
game nya gak asik . anak anak susah memainkannya .,Negatif
Uda tak perbarui tpi kok g da yg brubah sih????,Negatif
Jelek sekali ngak ada yang baru puo nyap,Negatif
"Game basi, udah gk pernah update game",Negatif
Game nya gak kayak di atas jelek game nya,Negatif
Saya sangat tidak suka permainan ini,Negatif
mojang minta minecrraft biasa ga usah pake pulsa,Negatif
gemes asu masa gak bisa ke mode creative,Negatif
aku tidak suka dengan game nya ksjzbJahvahk,Negatif
game nya aneh kok gk bisa mode creativ???!!!,Negatif
ih orang ngga dihapus tiba tiba ngga ada sebellll,Negatif
saya nggak suka karena gak bisa maen di kreatif,Negatif
Setiap bermain pasti Minecraft tdk menanggapi,Negatif
game apaan ini aku tidak bisa mainkan kreatif,Negatif
mojang mojang kenapa gak minecraft di gratisin aja,Negatif
kenapa nggak bisa dimainin worldnya ?,Negatif
masa gak bisa di bikin rumah sih gimana,Negatif
kok gak bisa world nya jadi creafte,Negatif
jelek masa mainannya ga bisa mode kreatif,Negatif
game nya jelek gravik nya  banyak iklan ngak jelas,Negatif
game anjing gak bisa di andalkan untuk hiburan,Negatif
Gw gk suka ni game udh coba msh kallah aja,Negatif
suruh beli snar udah beli gak bisa main,Negatif
nggak bisa di cheat pakai lucky patcher,Negatif
Aplihasi nya kaya tai udah pasang gak bsa buka,Negatif
kurang besar ikan nya jadi gak seru maen nya,Negatif
Gaseru yg ada malah ngawur ga jelas,Negatif
Gak jelas kata imam Benjol Sama faris,Negatif
engga enakan ikannya gak sama kaya gambar,Negatif
Gambar lemot tak sama grafis nya kaya di foto,Negatif
game taik nyesel ikan nya gak bagus,Negatif
gak seru masak airnya warna putih gak warna biru,Negatif
"Saya gc suka kurang,masih kayak kartun",Negatif
"tampilannya kaku, grafiknya kurang bagus",Negatif
lumayan tapi kurang lebih reaeeeeaLLL,Negatif
aplikasi terbaik blm 1 menit udah di tolak,Negatif
pusing kenapa potonya ga masukbtrus hadeeeh,Negatif
apa ini apk kurang cepat tanggapan konfirmasi nya,Negatif
"cara pembayaranya gmn ini,gak faham aku",Negatif
verifikasi stngah mati slalu ngga kebaca,Negatif
saya tidak suka dengan cara penagihannya.,Negatif
Penagihannya tidak mengenakan bikin kesal ..,Negatif
Tidak bagus ini pengambilan foto salah trus...,Negatif
parah gak di acc. tanpa alasan jelas.,Negatif
weeeww pinjaman hnya 28 hari...gk jadi pinjam dah,Negatif
"Aplikasi yg sangat membantu,mudah dan gak ribet",Negatif
knp sih harus nabrak bisa gak si kalo nembus,Negatif
Ini gemes ap sihh mau msuk aja gk bsa,Negatif
juara 3 tiba tiba jadi juara 4 ga jelas game rusak,Negatif
gak bisa dibukq padahal hp gua samsung a7,Negatif
gua gak bisa main tim aitem dirangket,Negatif
"game buriq add friend aja gk bisa, broken ni game",Negatif
"kurang kreget, masih bagus an bash buggy",Negatif
Diamond nya gak masuk padahal udah top up,Negatif
cara login nya gimana gak mau masuk punya aku,Negatif
woi cara masuk ya gimana ko gua gak bisa min,Negatif
garena ngga ush buat game mboli dah ccd anjing,Negatif
sudah habis beli koin banyak gak dapat mobil A,Negatif
knpa pas udah d donload ga bisa d main kan,Negatif
Jelek banget sih tapi ga rela ngehapus,Negatif
kenapa mau keluar gak bsa gak asik jg,Negatif
Game nya si bagus. Iklannya tidak edukatif,Negatif
Kurang seru gk bisa di balik balik bloknya,Negatif
Aku tidak terlalu suka sama permainannya,Negatif
mainan nya membosankan. tdk ada yg menantang ...,Negatif
kurang menyenangkan dan mem bosan kan ,Negatif
"sering keluar sendiri, aplikasi yg kurang bagus",Negatif
setiap game masak gak bisa dimasukin,Negatif
kok keluar terus sih gimana buat kok gak bener,Negatif
gimana si kok ngak bisa mbuaat akun coc th 12,Negatif
"kenapa gua kga bisa masuk si, jadi ngga jelas bgt",Negatif
kode verifikasinya gak masuk ini gimana min?,Negatif
jelek persiya gak bisa uat chet pake GG,Negatif
"Nggak bisa buat free fire,suka keluar sendiri",Negatif
Kok Ngak Bisa Kebuka Sih Game FFnya,Negatif
"apk babi,,, jgn ada yg mw dowload biar gk nyesel",Negatif
ngga bisa di pakai main free fire taik,Negatif
whatsapp ku kok ga bisa ganti profil ya kesel!!!,Negatif
keluar aja orang nak main ff pun tak senang,Negatif
jirr gak jelas sukak keluar sendiri,Negatif
aplikasi gk guna konon ( Sering keluar sendiri ),Negatif
aplikasi babi msak lgi main tidak merespon,Negatif
"Kurang bagus,suka keluar terus.Gua nyesel download",Negatif
"Tak bisa buk grab,trus minta loksi?",Negatif
suka dc caranya bagaimana supaya gk dc mulu,Negatif
"gak bisa dimainin anjing goblok,, you are crazy",Negatif
tidak bisa clon semua aplikasi lagi,Negatif
Udah download kok nggak bisa kebuka apknya,Negatif
Udh di instal tp nggak kebukaaa ngeselin,Negatif
Ini app knpa ya gak bisa kebuka tolong infonya,Negatif
"kenapa suka keluar-keluar sendiri, ga jelas",Negatif
Tidak bisa online jarus di buka dulu aplikasinya,Negatif
Udh didownload malah gak bisa dipakek,Negatif
"Aplikasi dancok, gak bisa ini bujankkk",Negatif
Gak bisaa di buka aplikasi apaan ini!!!!,Negatif
Jancok pararel gk kenek gawe main ff kontol,Negatif
Aplikasi ala kontol jembut kowe gak guna pihak nya,Negatif
Kenapa saya bukan akun 2 free fire kembali Anjing,Negatif
kenapa ya pas dibuka selalu tidak menanggapi,Negatif
Apk kok kok gk bisa bisa buat free fire njirr,Negatif
"dc mulu main game,gak kyk dulu lancar",Negatif
"aplikasi tidak bagus gk mau di buka,ML nya",Negatif
kenapa kok saat dibuka kok nggak bisa!! Kecewa!!,Negatif
"Kurang baguss, kadang tekeluar sendirii!",Negatif
sering keluar sendiri jadi tidak nyaman,Negatif
Buruk karena tidak bisa melakukan log in,Negatif
"Ga bisa di pkek nihh aplikasi, kluarr trusss!!!",Negatif
Tidak support buat pubg... selalu keluar sendiri,Negatif
Apk apaan ini... Ga guna banget nyeseldownload,Negatif
Aplikasi tai.. Makin lama makin ga bener..,Negatif
Lemot tidak mempermudah banyak iklan..,Negatif
Maaf kok tidak bisa membuat sorchut dibberanda ???,Negatif
Whatsapp ny gk bisa kirim foto... Payah...,Negatif
aplikasi tidak pantas untuk didownload,Negatif
Eleh kok malah kembali mulu sieh gak guna nieh,Negatif
ga bisa ganti foto di WA .. ah taekkk,Negatif
Tai lahk massa ga kebuka punya gue akun ny??,Negatif
"tambah ga bres ni apl, lebi bagus yg lama",Negatif
"percuma gua dawnload nya buang"" paket nggk bagus",Negatif
Satu az krna ga ad tema uang tunai d pngaturannya,Negatif
Gk jelass udah diaktifkan msih ajha gituu,Negatif
Ane WD udh lewat 10 hari ko tak kunjung datang,Negatif
Kok lelet dan knp gk bisa dipake keyboard nya,Negatif
App apaan nih gak bisa di claim aku gak suka,Negatif
App gk jelas brengsek.... Hbskan kuota.,Negatif
Gue dah Redem hampir dua bulan nggak masuk masuk.,Negatif
"Ini bohong, sudah dtarik ke paypal tapi gak dbayar",Negatif
Aplikasinya nyedot kuota...pemerasan...gk suka,Negatif
kenapa ya tidak bisa pake tema dari galeri,Negatif
Siji dikit ya. . Ari apik ya tak tambai mning. .,Negatif
Wes tak puas se ni aplikasi ko tele lumba ba,Negatif
masa ngunduk gambar satu aja gak kelar kelar,Negatif
gak ada ikan puaus dan susah banget main nya,Negatif
"Gua instal gak masuk masuk, cuma loading panjang",Negatif
Game anjing kontol gak bisa dimainkan game jelek,Negatif
"Game sial ntah kayak mana mainnya gk ngerti"" aku",Negatif
kalao donlut anati kesel gak kenek di buka,Negatif
Kenapa aku mau mancing gak bisa bangsat,Negatif
bermainan gak bisa di mainin dasar permainan gila,Negatif
kurang apredtan nh tambahin lgi donk bisnya,Negatif
"Developer Pasif, Tidak Pantas Diberi 5 Bintang",Negatif
kenapa gak bisa dikassih layfy????? ,Negatif
aplikasi ini enak banget enggak rugi kalau donlout,Negatif
apaan malah ga bsa di buka dari kemaren taiii,Negatif
"game babi,percuma komen tapi gak pernah dibalas",Negatif
kadang adzannya gak bunyi pdhal udh d setting,Negatif
punya saya kalau waktunya adzan gak ada suaranya,Negatif
udah ga bisa 'tandai terakhir baca',Negatif
Banyak Banget Iklannya ga bisa di skip lagi! ,Negatif
Game apa sih gampang mati GJ banget gak bermanfaat,Negatif
Yuuggjggjyggyhgg gak jelas banget...,Negatif
Jangan donload ga enak keluar keluaran mainnya,Negatif
Masa ga iso dibuka panten asoek pepek tenan,Negatif
Slalu kluar mulu ga bisa di mainkan,Negatif
Sering Keluar2 gk jelas nyesel dh di download,Negatif
Misinya ampir beres malalh ga bisa di maenin,Negatif
Seru tapi kalau lagi ga ada candy ga seru,Negatif
Permainan yg sangat jelek karena tdk nyata,Negatif
Tolong dong IKLANnya dihilangkan tidak seru,Negatif
kok gk bisa main berdua.? haruss lawan kmputerr ,Negatif
Masa komputer selalu warna hitam. Gak seru,Negatif
"game nya nipu,, gambar gak sesuai .",Negatif
"Jalanya ga beres ni,ga sesuai prosedur",Negatif
Jirrr ga sesuai dengan gambar....nyesal,Negatif
Saya krng suka permainan ini.saya benci,Negatif
Kenapa gak bisa buka level 24 kesel tau,Negatif
tolong saya tidak tahu yang nomor 11 di level 1,Negatif
Kenapa tidak ada level selanjutnya setelah 76,Negatif
Permainan nya gak seruh permainan seperti buyann,Negatif
Kurang suka aku gak suka permainan nya,Negatif
"gambar apa jawaban apa, ga nyambung tolol",Negatif
kamerannya lelet jadi ga nyaman dipake,Negatif
Jelek banget ga bisa pake keluar mulu,Negatif
Jadi Jelek Jadi Gak Suka  Nyesell di Update,Negatif
Kenapa kerusakan nya ga di perbaiki tolong segera,Negatif
kenapa setelah di perbarui malah gak bisa di pakek,Negatif
Ga ke download2 anjayyy ngabisin kuota,Negatif
Gak seru ini tadi aku coba gak bisa di delet,Negatif
baru tak download jg blum tau kelebihannya,Negatif
Saya sebel sama aplikasi ini tidak menyaenangkan,Negatif
Pelangsingnya gk ada lagi kesel banget,Negatif
apk gak guna. bayar segala  Nyesel download anjay ,Negatif
saya gak bisa daftar. Kok biaa begitu?,Negatif
sorry Uninstal tidak sesuai yang diharapkan!!.,Negatif
aplikasinya berbayar dan gak bisa di uninstal-_-,Negatif
kenapa di picsart saya tidak ada menu magic,Negatif
giliran mau di save gk bisa payahhhhhhhh,Negatif
"gak suka lah, di app ini apa-apa harus bayar",Negatif
"tidak membantu editing,malah menyusahkan!!",Negatif
Masa blm habis di edit udah kluar sendiri sih?,Negatif
Kenapa tidak bisa buka fto digalery untuk diedit,Negatif
"Harus langganan dulu, tdk kayak dulu lagi",Negatif
"Aplikasi tak sebanding, alias pilih_pilih ",Negatif
Aplikasi ini tidak dapat di gunakan,Negatif
"Gak jelas, search lagu gak sesuai. Ngeselin",Negatif
"babi bnr,gk bisa di setel lagu nya,payah",Negatif
kenapa lagunya suka reload dari awal dulu gak gitu,Negatif
bad aplikasi banyak yg ga bsa d putar,Negatif
"Bagus Bgt app ini, nyesel deh kalo ga download",Negatif
"Yang ngebuat gak jelas, aplikasi noob",Negatif
"tolong di update, kenapa gk bisa save ke galeri",Negatif
baru di dowlad langsung tdk mau msuk,Negatif
"kenapa gk bisa di save , kasih solusi dong",Negatif
video tidak bisa lebih dari 5 meniti,Negatif
kok video ga bsa di save. gmna tuh caranya?,Negatif
ko gua ga bisa nyimpen videonya si?,Negatif
kok saya foto gak ada stiker nya bagaimana ini,Negatif
kok gak bisa di bagikan ya apl yang sekarang ,Negatif
Kok di simpan nggk bisa harus beli vip nya.....,Negatif
Semakin lama semakin tidak bagus cara kerja nya!,Negatif
kenapa gak bisa simpan video yang ku edit!!!!,Negatif
Anjing Lah Udh Expor Lama Eh Gk Ke Simpen Goblok,Negatif
Lapisan video q gk ada padahal hp model terbaru,Negatif
lol di 2019 gak kena di bukak tolol banget apk nya,Negatif
apk jancok gak bisa nyimpen video percuma download,Negatif
kenapa punya saya gak bisa diekspor ke galeri,Negatif
uda di edit malah ga bisa di save bosokkkkk,Negatif
kenapa gak ada untuk green screen nyaaa,Negatif
tidak bisa memilih video yang akan di edit huuuh,Negatif
udah susah susah bikin et masih gk bisa  kesel kan,Negatif
tidak bisa membuat video seperti kembar,Negatif
jangan downlod karna tidak bisa exspor file,Negatif
dengan upgrade yang sekarang malah kurang puas,Negatif
Gk bisa buat nyimpen shh cara nyimpen y gmna,Negatif
Bermaslah tidak bisa buat gren scen nya sial,Negatif
Saya perbaharui masak gak bisa di eksport. Tai.,Negatif
"ngga bisa dimasukin videonya, jelek",Negatif
Jelek permainan nya trus gk ada bantuan,Negatif
Benci banget masa biar gak ada iklan harus beli ,Negatif
Ih baru buka udah gk bisa nyebelin tauk,Negatif
gak kepasang pamsang nyesel deh yang donlod,Negatif
"Masa jadi pencuri sih, itu kan gak boleh",Negatif
gimana nih buka nya bikin emosi gak konek2...,Negatif
aplikasi apaan coba ga ngerti ga jelas,Negatif
aplikasi jlek.nysel klau di instal gak brguna,Negatif
anj*ng ngga bsa dibuka aplikasinya bngsat,Negatif
dua bintAng aja ndonlot ngak sukses,Negatif
jangan ad yg downlod..ga bsa di bka penipuuuuuuu,Negatif
kasih 1 dlu kalau tidak php baru kasih 5,Negatif
kurang ajar ni aplikasi bikin rusak hp gua,Negatif
aplikasi gak bergunak luh huhuhuhuhu,Negatif
apk tll banyak iklan ga jelas benci gia,Negatif
"Kasi bintang stu dlu,soalnya blm dicoba",Negatif
"liga masih kurang banyak , masa ga ad bundesliga",Negatif
Kok gak ada Vidio max yg harganya 10 Rp,Negatif
ga bagus smua msalh jg no respon dri t-sel,Negatif
Chanel tv kurang Seperti ANTV SCTV RCTI Gtv gada,Negatif
parah muter2 loading ga bisa lakukan apapun,Negatif
setelah di update nontn beinsport gk bs pke wiffi,Negatif
"so bad, film cmn 3. harus pk kuota reguler. payah!",Negatif
sial siap beli paket . eh gak bisa kan kontolll,Negatif
"dah d donlot tp gk bs liat m.city, huh ampas",Negatif
"kok canal tv sony ten kok gk ada,bisa dimasukankh",Negatif
ga bisa biat nonton gmna ini padahal quptanya ada,Negatif
apk sampah gk jelas bgt nyesel gw download,Negatif
aplikasi anjing babi setan yang bikin nih gk jelas,Negatif
gak asik siaran sport nya udh gak bisa di tonton,Negatif
buat liat el clasico aja ngga bisa.. jelek bgt,Negatif
gak bisa digunain padahal masih 12 gb,Negatif
setelah di update malah ga bisa du buka,Negatif
Gk bisa nonton susah2 aja beli pketnya,Negatif
gak bisa ditonton padahal paket data banyak,Negatif
klo belum oke app nya jng di release,Negatif
rugi kuota gk ada yg bisa di tonton,Negatif
Baru di update malah loading terus ga masuk masuk,Negatif
daftar nya kok susah nggk dot kode nya,Negatif
"Kenapa tdk bisa daftar, padahal nomorku aktif",Negatif
aplikasi ngga kebuka saat ada siaran langsung,Negatif
login aja gak bisa min tlong prbaiki min,Negatif
tutup aja lah perusahaan telkomsel. gak berguna,Negatif
aplikasi tolol. ga kebuka2 udah beli quota,Negatif
tidak ada anime nya halah anime dong tambahin okey,Negatif
gak mutu masa data videomax gak bisa di pakai,Negatif
aplikasi buruk. gak bisa dipakai gangguan terus,Negatif
"kecewa, judulnya tarzan isinya film ga jelas",Negatif
kok saya mau masuk gk bisa2.. aduh gemana ini,Negatif
"tv indonesia nya gak lengkap, masih lengkap hooq",Negatif
aplikasi gak bisa digunakan nyesel downloadnya.,Negatif
video nya kurang bnyak tidak ada pilihan,Negatif
n blm pny pengalaman dan pendatang baru.,Negatif
"wah payah nih, tdk bisa msuk dari tdi ",Negatif
"Ga berguna, ga lengkap siarannya dan membosankan.",Negatif
Aplikasinya nggk bisa ke puter kenapa ya,Negatif
"Buruk.. Paket tidak bisa di pakai, harus beli lagi",Negatif
"gak bisa kebuka aplikasinya, loading mulu",Negatif
"aplikasi tai gk usah di download,sampah anjing !!!",Negatif
"maxstream gak guna,,,punah kan aja lah ga jelas",Negatif
"keparat nih app,,, ga kebuka pdhal br isi paket",Negatif
Acara tv dan film terbatas tidak komplit.,Negatif
Gak sesuai dengan harapan. Nyesal juga dwlot,Negatif
Kuota maxtream ga guna. Ga bisa di pake.,Negatif
apk tai.. ngga bisa musuk gua ke mnu,Negatif
"sangat tidak berguna ,aplikasi tidak ada isinya .",Negatif
app nya kurang mendengarkan keluhannn,Negatif
aplikasi kurang mantap nyesel downlod,Negatif
hari ini maxtream kacau dan tdk beres,Negatif
Ga recomended blas. Mengecewakan sekali,Negatif
konten tidak tersedia ketika aplikasi full traffic,Negatif
"payah. Tak konsisten, ini penipuan publik",Negatif
aplikasi apaaan neh..gak guna.gak mau masuk,Negatif
"gak bisa nnton film ya,,percuma donwload",Negatif
kok gk ada tv tokyo yah.animenya donk..,Negatif
Kurang asik.. Pas ada kouta videomax banyak!!!,Negatif
aplikasi yang tidak berguna sama sekali.,Negatif
Kok ga bisa kebuka2 ya? load terus :(,Negatif
Aku daftar kok gak bisa sih...parah,Negatif
paket banyak tapi tidak bisa digunakan aneh!!!!!,Negatif
tidak bermutu dan tidak berguna sama sekali,Negatif
maxstream gak buka ke buka gobloknya,Negatif
tidak seindah dulu.. gua copot pemasangannya..,Negatif
tidak sesuai harapan... langsung uninstal,Negatif
tidak memuaskan .. tidak sesuai ke inginan,Negatif
Aplikasi asu... Muter muter ndak jelas..,Negatif
"parah,, mau nonton, malah gak bisa,,kacauu",Negatif
aplikasi paling tidak berguna ini....,Negatif
Uang google saya tidak di kembalikan??! !!,Negatif
Game macam apa coba susah nyarinya ga jelas pulak,Negatif
"Poromosi gratis tapi ga enak, percumah",Negatif
Kok di HP Xiaomi Redmi 3 Pro gak bisa connect,Negatif
Tidak bisa di mainkan di zenfone 3 max,Negatif
Grafik bagus tapi ga jelas disuruh ngapain,Negatif
"94 - 93,10= 10 itu tulisan 94 gk bisa gk jls....",Negatif
Alur cerita gak jelas percuma aja di beli,Negatif
Kenapa saya sudah beli tapi tidak bisa download,Negatif
Tidak bisa masuk habis update vangke,Crash
Minta di update malah gak bisa dibuka..unistal,Crash
Tolong diperbaiki lagi waku kok gak bisa masuk,Crash
Kenapa permainannya tidak bisa dibuka,Crash
"Nyuruh update. Giliran d update gak jalan"".",Crash
Anjing udah download gak bisa masuk,Crash
Ga bisa masuk katanya gda koneksi pdhl lancarr,Crash
Gk bisa dibuka padahal dh pke internet,Crash
Makin gede mb nya di mainin udh gtu agak ngelag jg,Crash
Kagek wae mbuka minion rush malah eror TAI tenan,Crash
Huh knap hrus donwload lgi sih tolong perbaiki y,Crash
Gk bisa masuk lostconet terus padahal sinyal bagus,Crash
Gak bisa di buka anjingggggggg lama download aja!!,Crash
kok gak bisa masuk ada bacaannya download becuest,Crash
di hp oppo a3s gw kok gk bs di buka,Crash
Setelah di downlod kok nggak bisa masuk,Crash
tidak bisa masuk akun lagi harus ngulang dari awal,Crash
knpa klo iklan shope kok kluar si..tlg perbaiki,Crash
habis di unduh kok tidak bisa di buka,Crash
Gamenya kenapa gak bisa di buka bangsat ,Crash
Gk bisa di buka sama sekali sebelmnya bsa..,Crash
Saya kalau download selalu gagal terus,Crash
"Tidak bisa d buka,instal tidak berjalan..game keat",Crash
Masa aku jarang mainin gak bisa di buka,Crash
Udah di download ga kebuka cuma stuck di loading,Crash
Habis di perbarui kok malah gk bisa di buka,Crash
"Kok tiba"" gak bisa dibuka yh app nya",Crash
Aplikasi tai gak bisa dibuka..ram 3gb gak mampu,Crash
Ko ga bisa login masuk ke pertandingan,Crash
setelah update terbaru malah gak bisa login,Crash
moonton sial makin di dperbaharui makin ngelag,Crash
game kont*l update kali ini lag parah asu,Crash
"monton kontol , update'n nya ga jalan""",Crash
game tai..sinyal ud penuh&4g...tp msh sering lag..,Crash
Kenapa tdk bisa di buka stelah update?,Crash
kenapa setelah update tidak bisa login??,Crash
kok gak bisa di download gagal terus?,Crash
taik masa dari kemarin ig gua ga bisa di buka,Crash
"update stories selalu gagal, makin ga jelas IG",Crash
"instagram lama2 makin jelek, tolong perbaiki dong",Crash
Eror aja trus tai ahh malesin anjir,Crash
Ga bisa masukk kek tai babi instagram lama lama,Crash
habis diupdate gak bisa dibuka lagi,Crash
ngga bisa masuk sekarang.aplikasinya kurang ajar,Crash
"sangat jelek ,buat nonton video gak bisa jalan ",Crash
sering lag. aplikasi tidak mau berjalan.,Crash
instagram tiba - tiba tidak bisa dibuka,Crash
saya tidak bisa login... instagram bermasalah,Crash
"Nggak bisa login gua, kecewa parah...",Crash
"baru di update malah keluar mulu, gak bisa masuk",Crash
punya akun tp ga bisa masuk trus .. parah,Crash
jadi ga bisa masuk sesudah di update,Crash
kok gk bisa login? padahal perlu info penting ,Crash
Terjemahan nya kok gak berfungsi ??,Crash
kenapa apk nya gk bisa di buka? ada yg bisa bantu?,Crash
di update malah ga bisa dibuka. gmn nih twitter.,Crash
jadi gak bisa di buka. eror terus. gimana sih,Crash
kenapa translate nya ngga berfungsi!!!,Crash
terjemahnya nggak berfungsi.. perbaiki yaaa,Crash
masa gak bisa masuk abis di upgrade,Crash
kenapa saya tidak bisa masuk ke akun saya sendiri,Crash
Video banyak yang tidak bisa diputar sama sekali.,Crash
dari semalam ga bisa di buka cuk !!,Crash
tidak bisa terjemahannya...tolong di perbaiki lagi,Crash
tidak bisa masuk ke aplikasi gimana ini,Crash
Kok terjemahannya enggak berfungsi sih??,Crash
"setelah pembaruan malah nggak bisa di buka, parah.",Crash
Sontoloyo setelah update sering ngelag.. Hhhh,Crash
ko ga muncul app y ..padahal download y berhasil,Crash
nyesel dah.. baru update malah sering error,Crash
"tidak bisa di buka, aplikasi selalu close sendiri",Crash
notifikasi ga muncul kalau ga buka aplikasi,Crash
"tambah parah! banyak kekurangan, eror",Crash
Kenapa gak bisa login min tolong di perbaiki,Crash
parah gak bisa masuk pdhl masuk app yg lain bisa,Crash
update mulu tapi bug & error ga kelar2,Crash
foto komentar kok gk bisa dibuka ya?,Crash
"Makin sering di update makin error.,",Crash
kenapa error lagi? pdhal tiap hari update hmmm,Crash
"ga bisa login. padahal wifi lancar.,?",Crash
baru daftar ga bisa masuk gagal singkron mulu,Crash
"loading terus ,,kenapa yaa?? nggak bisa masuk ni",Crash
tolong donk ini kenapa ngga bisa di buka,Crash
"Ga bisa di update bangsat,,gagal mulu...",Crash
habis di update malah error gak bisa di buka,Crash
"mau kirim foto mlh force stop, mhn diperbaiki",Crash
Kenapa saat di upgrade malah jadi ngeblank sih !,Crash
gak bisa kirim pesan kenapa tiba-tiba error,Crash
kenapa ya gak bisa dibuka tolong penjelasan nya,Crash
Selalu gagal saat data sedang disinkronisasi,Crash
keluar mlu bapuk line gua ga bisa masuk,Crash
udah di update tapi ga bisa masuk !,Crash
nambah teman dengan id malah eror -_-,Crash
setelah di update aplikasi menjadi ngelag,Crash
tidak bisa diinstall...padahal signalnya bagus,Crash
Gimana nih line...parah bug trjd dimana2..,Crash
Berulang ulang sinkronisasi 44% gagal terus!,Crash
Sekali log out tidak bisa login ke akun saya,Crash
Line tidak bisa d buka pada hape saya,Crash
Ko jadi gak bisa di buka ya gimana ini,Crash
Setelah di update tidak bisa dibuka.,Crash
Notifikasi saat layar keadaan lock tidak muncul,Crash
baru daftar udah eror gajelas hadeh gabisa masuk,Crash
Saya tidak bisa membuka file melalui line,Crash
Saat mau kaitkan akun fb malah error,Crash
Setelah update kenapa gk bisa dibuka dah,Crash
tolong diperbaiki untuk pop up samsung edge,Crash
bagusan fitur lama !! tolong perbaiki lagi,Crash
sudah diperbarui tapi tetap tidak bisa dibuka,Crash
Tidak bisa masuk sama sekali. Taiii,Crash
Setelah update ga bisa login dan force close mulu,Crash
Udah diperbarui kok malah gk bisa dibuka sih,Crash
"Tidak bisa dibuka line a, sia- sia nginstal",Crash
udah gk jelas nih aplikasi sekarang banyak error,Crash
Gimana cara mengatasi jika line error?,Crash
Setelah update ini parah banget banyak bug,Crash
Line error gabisa chat dan lihat timeline,Crash
Malah error login setelah di update,Crash
"Udah diperbaharui nggak bisa di buka,,,",Crash
Sudah di update malah tidak bisa dibuka ,Crash
"tidak bisa d buka, sudah d uninstal berkali kali",Crash
aneh gk bisa masuk . pdhal udh msukin no.,Crash
kenapa ga bisa di buka yah pusing anjing ah,Crash
", pembaruan terus tapi tetap suka eror",Crash
knp stlh di update malah error tdk bisa di buka,Crash
udah 3x instal tapi ko wa sering eror yha.,Crash
mohon di bantu kenapa nomer saya tidak bisa login,Crash
whats app semenjak di update gak bisa dibuka,Crash
kenapa ga bisa login sih pas abis di perbaharuin--,Crash
abis di update ga bisa dipasang kzl!,Crash
gak bisa login padahal sudah di update,Crash
"apaa"" an ini diperbarui terus gak bisa dibuka",Crash
terkadang aplikasi tidak mau jalan dan hang,Crash
aplikasi y eror mulu...ah capek instal ulang,Crash
"eror terus mohon di perhatikan buat pihak 1,,",Crash
sudah di instal tapi tidak bisa dibuka lagi,Crash
"Setelah diperbarui, gak bisa dibuka",Crash
kenapa apk saya tidak bisa di pasang?,Crash
habis diupgred kok malah jd eror ya. .,Crash
setelah di klik gk muncul no hpnya...,Crash
apk tidak bisa dipasang ketika diperbarui,Crash
tidak bisa di instal setelah pembaruan,Crash
whassapp bermmasalah tolong di perbaiki,Crash
"gimana nie min,telegram'q gak bisa di buka",Crash
gk bs di buka terlalu banyak mencoba,Crash
Kok sy tdk. Bisa masuk d telegram. Yh,Crash
Fungsi buat link tidak berfungsi di-rom xiaomi,Crash
"Gak bisa login. Mau login code gak d kirim""",Crash
Gak bisa masuk karena gak bisa dibuka,Crash
"Kenapa aplikasi ini tidak bisa di buka,?",Crash
gak bisa login keterangan terlalu banyak mencoba,Crash
setelah di upgrade malah gak bisa login.,Crash
aplikasi buruk sering eror dan tidak layak pakai,Crash
"tidak bisa login, coba di tambah login by email tq",Crash
gagal2 terus..upgrade data juga gagal!!!!!!!!!!!,Crash
kok gak bisa update ini...gagal aja.... gk jelas,Crash
macet2 aplikasi nya kurang lancar perbaikin dong,Crash
Aplikasi sakit.. di perbarui malah bug,Crash
"tolong, kadang bug atau eror nya di perbaiki",Crash
saya tidak bisa membuka go food nya,Crash
susah sekali top up di ATM gagal terus,Crash
knpa sekarang Tokopedia saat ini gak bisa di buka,Crash
"mohon diperbaiki, sekarang jadi ga bisa log in.",Crash
"di android pie banyak bug min, tolonglah",Crash
Baru di install ulang kenapa malah ga bisa log in,Crash
saya login kok server error gk bisa masuk,Crash
kenapa yah ko foto-foto nya gak pada muncul yah?,Crash
tidak bisa login kembali setelah update versi,Crash
kok gak bisa masuk ke aplikasi gmn min?,Crash
barang saya tidak di konfirmasi dah tidak diantar,Crash
Aplikasi Lag Parah... Gak masuk akal lagnya...,Crash
kok gk bisa di buka ya tolong di buka ya plessd,Crash
gak bisa login terus video gak bisa diputar,Crash
aku pake akun gogle gk bisa masuk mulu ,Crash
karena video nya tidak tersimpan di galeri saya,Crash
kbnykn ikln trs pengaturan g bs di buka eror lemot,Crash
aplikasi sering force close. mohon diperbaiki.,Crash
eror terus padahal sudah saya instal ...,Crash
tolong di perbaiki.sering berhenti sendiri,Crash
"Sering gagal, dan muat ulang trs,,,",Crash
Bangsat udah di download malah gak bisa memasang,Crash
parah parah mash aja blom di perbaikin,Crash
aplikasi smule tidak dapat dibuka sama sekali ,Crash
Ko malah jadi eror ngerekam putus tengah2 mulu,Crash
smule eror berhenti mulu boro boro bisa masuk,Crash
"jelek,, gak bisa d buka pake wifi,,",Crash
Gak bisa di buka.. Smule nya berhenti mulu. ,Crash
ko..persi baru jadi eror....bagus yg lama...,Crash
Ga bisa di buka padahal baru 1 hari instal,Crash
Tolong di perbaiki...lagu suka putus2,Crash
Bru d update mlh gk bisa d buka..menyebalkan,Crash
"Gak bisa msuk, game ny dah eror d mkan usia",Crash
"Udah instal gak bisa terbuka2, gimana caranya",Crash
Anjay gak bisa di buka anajy kayak b2,Crash
"game tai gk bisa di buka asu nyesel downloadnya ,,",Crash
Gak bisa masuk jelek kali macam anjing gamenya,Crash
Sudah di download game nya gak bisa di buka pantek,Crash
"Babi, gak bisa dibuka ini permainan, nyesel banget",Crash
Kenapa sih kalau level 10 tanknya gak mau jalan,Crash
Apk ngak bisa di bukak nyesel gua donwlod,Crash
Kenapa tidak bisa dibuka nyesel dowload game ini,Crash
game nya keluar sendiri tolong perbaiki ya,Crash
tidak bisa menyimpan gambar ke perangkat android.,Crash
foto yg gw unduh ga bisa masuk heleh asw emang,Crash
kecewa tdk bisa disimpan TOLONG DIPERBAIKI LAGI,Crash
"gambarnya gak bisa masuk ke galery,pdhl dulu bisa",Crash
woi anjir unduh gambat gak bisa tolong perbaikin ,Crash
"gak bisa download fotonya,tolong di perbaiki lagi ",Crash
fotonya ga bisa di simpan anjgggggggg cacatttttt,Crash
kenapa ya susah simpan gambar mohon di perbaiki ,Crash
nggak bisa di unduh gambarnya. perbaikin segera,Crash
kenapa gk bs save galeri? please perbaiki,Crash
gambarnya gabisa di saveee. tolong perbaiki,Crash
eror gkbisa di save.. tolong di perbaiki,Crash
kok gambarnya gak ke save?? plis diperbaiki donggg,Crash
:( tidak bisa menyimpan hasil download,Crash
SULIT MENYIMPAN. Tolong diperbaiki.,Crash
knp gambar nya gak bisa disimpan di galeri?,Crash
kenapa pinterest saya tidak bisa dibuka.?,Crash
lodingnya lama gk bisa di buka banyak!,Crash
setelah diupdate kok gagal menyimpan teruss,Crash
Setelah di update gambar tidak tampil.,Crash
Udah download tapi gk bisa masuk..kenapa ya?,Crash
Dari kemarin tidak bisa login BANGSAT!!,Crash
suka forced closed.. tolong diperbaiki,Crash
Padahal akun sudah ada tapi kenapa ga bisa masuk,Crash
Sudah di download tapi tidak bisa terpasang apknya,Crash
Anjai gk bisa di buka nyesel donlowad,Crash
nggak bisa di buka .. ihh sebel banget dehh,Crash
Aplikasi tak bisa dibuka nyesel di download,Crash
Cuma kluar gambar putih doang Ga bisa dibuka,Crash
aplikasi kont*l... ga bisa terbuka cacad,Crash
Kok di upgrade malah gk bisa dibuka ?,Crash
Tidak bisa login padahal password sudah benar,Crash
Install berkali-kali tapi masih tidak bisa dibuka,Crash
Buat akunnya lama sekali tolong diperbaiki,Crash
"Tidak bisa masuk, tolong diperbaiki segera!",Crash
aplikasi kontol ga bisa percepat video sering lag,Crash
gara gara aplikasi ini hp gw error cacat,Crash
Masih banyak eror. Video yang dihapus tidak hilang,Crash
Videonya jadi nge lag.. After update,Crash
"Setelah update Gk bisa di buka, forceclose terus",Crash
Ga bisa masuk semua video Ga ada bahasa Indonesia,Crash
Ga bisa di instal memori kepenuhan.gembel nih app,Crash
Aplikasi jelek tidak bisa memutar sendiri,Crash
"Apaan ini, untuk h264 tdk bisa diputar",Crash
Pas selesai download lg memasang tiba2 gagal,Crash
tolong di perbaiki. di prangkat evercoss at7f,Crash
"Parah, abis si update malah error nih",Crash
Aplikasi menjijikan yg sering error,Crash
kenapa uc browser sekarang tidak bisa di buka?,Crash
setelah di perbarui tidak bisa di buka,Crash
kalau masih terjadi bug.. sorry uninstal,Crash
Aflikasi pukimak gk bisa di buka babi lah,Crash
Kecewa gak bisa masuk creator studio,Crash
Lag parah Apk browser lainnya gak lag,Crash
Aplikasi setelah upgrade tidak bisa di jalankan,Crash
Instal berulang kali tapi gagal d buka terus...,Crash
semakin lag .dn berat tolong diperbaiki,Crash
"Sering eror kalau buat browsing lama, ",Crash
jelek habis diupdate layar blank kalau buka situs,Crash
Untuk SOLVE CAPCTHA diperbaiki karena sering error,Crash
kok habis di upgred gak bisa dibuka,Crash
Tidak Bisa di install.. gagal terus,Crash
selalu keluar iklan yg g jelas tolong diperbaiki,Crash
Masih Lag Dan Sering ngasih iklan yg gitu gituan,Crash
kenapa chrome saya tidak bisa dibuka,Crash
Tidak bisa update di miui 8 selalu gagal kode 910,Crash
sering eror bahkan setiap saya buka kecewa w,Crash
tolong perbaiki supaya tidak ada iklannya,Crash
banyak virusnya. tolong di perbaiki !!!,Crash
iklan sangat mengganggy.tolong di perbaiki.,Crash
makin parah...mau hapus history malah ngelag.,Crash
Sering error.sudah berbagai cara dilakukan,Crash
"Tidak bisa mengunggah Foto, sering Error juga.. ",Crash
"bagus apaan, 1% pun gak bisa jalan malah ngeLAG",Crash
Jelek tidak bisa tampilkan file otg,Crash
kok sering eror sih aneh banget makin ga nyaman!,Crash
kenapa lite nya gk bisa dibuka kan udah di instal,Crash
"Kok gk bisa dibuka yaa, mohon penjelasan nya dong",Crash
baru di update sama skali gak bisa di buka. ,Crash
"sering eror, buat pengguna kurang nyaman.",Crash
"cepet diperbaiki bossss, error mulu nih",Crash
setelah di update malahan tambah eror,Crash
"jelek, padahal dah update tapi ga bisa d buka",Crash
kenapa facebooku yg lama gk bisa dibuka,Crash
di update malah jelek. mutar video lag,Crash
makin di update makin eror dan lemot. kamvrett!!!,Crash
Fb skrng error kontol diperbaikin lgi lah bgst!,Crash
bangsat akun gua malah gk bisa dibuka gimana kali,Crash
gak bisa di buka setelah di perbarui,Crash
tai anjing jadi eror seperti ini fb lite,Crash
kenapa fb lite kalo sering di buka kadang error ,Crash
"Payah suka keluar sendiri,tolong di perbaiki",Crash
"makin lama makin jelek, gak bisa dibuka",Crash
di perbarui malah ga bisa di buka susah,Crash
mengapa Facebook lite saya sering error sih,Crash
takk bguss...terkadang tak bisa di buka,Crash
"kecewa sama facebook lite,, suka error ",Crash
sering eror gan fb nya...tolong di perbaharui,Crash
Jelek knp buat hp note 2 ga bisa di buka,Crash
kok gk muncul ya beranda gk ada foto sama sekali,Crash
tolong di upgrade lagi masak fb sering error,Crash
semakin sering eror dan tidak ada perbaikan,Crash
facebook anjing gak bisa dibuka janjok,Crash
goblok minta updated mulu di perbaiki kgak njing,Crash
"error terus saat mau masuk,tolong ini gimana",Crash
kenapa ya kok facebook lite saya nggak bisa dibuka,Crash
"bintang satu aja ah,sebab kdang2 suka eror gk jlas",Crash
error terus download ulang baru bnr lg,Crash
diupgrade harus tapi apk error terus gabisa dibuka,Crash
"tolong diperbaiki , sering tidak bisa dibuka",Crash
"kok fb nya eror sih ,gk jls banget ahh",Crash
pnyaku gk bisa jalan kalo pake wifi.. ,Crash
tolong di perbaiki fecebook ssya susah di buka.,Crash
selesai instal cuma kena 5 menit setelah itu eror,Crash
kenapa ga bisa masuk terjadi kesalahan mulu anjir ,Crash
tolong perbaiki jangan sampai eror terus,Crash
anjing nie aplikasih dari tadi eror mulu,Crash
"Aplikasi Goblok, tiap jam segini pasti eror ...",Crash
tganti yg baru dong fb nya in eror mulu.,Crash
perbaikin weh masa ngga bisa buat apa2 sihh,Crash
woy perbaiki dong.. bikin males aja.. sering error,Crash
sering error g bs d buka aplikasiny,Crash
facebook nya gak bisa di buka stelah di perbaharui,Crash
knpa ngga bisa di buka pake w wi-fi,Crash
kacau aplikasi gak bisa dibuka knpa yah,Crash
apk anjing bangsat gk bisa dibuka goblok,Crash
gak ngerti malah gak bisa dibuka fb nya,Crash
"fb terlalu sering di updet dan kadang"" suka eror",Crash
pendo. mnyesal b dwnload aplksi in error trus,Crash
aplikasinya suka error dan harus sering di upgrade,Crash
jelek.d perbarui mlah ga bisa d buka,Crash
kenapah akun saya tidak bisa di buka,Crash
aplikasi kampang sering bener error,Crash
"ko jadi error si, mohon di perbaiki.",Crash
like facebook ini sering tidak berfungsi,Crash
"setelah update malah jadi ngelag, payah",Crash
sangat buruk sekarang tidak bisa memutar vidio,Crash
fb nya eror trus walau pun diperbaiki,Crash
Fb susah masuk ky anjing mren tolong dong perbaiki,Crash
terjadi masalah terus gk bisa masuk,Crash
kenapa fb gua gak bisa di buka tolol anjing,Crash
Udah diperbaharui kok gak bisa di buka?,Crash
Kenapa gk bisa d buka padahal udah d updete,Crash
knpa sekarang fb lite gak bisa dibuka,Crash
aplikasi g bermutu...eror mlulu...parah,Crash
"Tai lu,masa di update ga bs masuk,parah beud....",Crash
Abis di update malah gk bisa di buka - _-,Crash
kebanyakan iklan... tolang lah diperbaiki,Crash
aplikasi gak guna masa gak bisa di buka tolol,Crash
tau lah ngirim file pubg gagal trus,Crash
Banyak iklan. Transfer sering gagal.,Crash
aplikasi gampang blank mending pindah ke lete,Crash
kenapa sh nie aplikasi gk bisa di instal,Crash
ngeselin nih di perbaharui mlh ga bisa di buka,Crash
payah sudah di instal gak bisa dipasang,Crash
udah di instal aplikasi tidak terpasang,Crash
loading stelah di perbaharui... mohon di perbaiki,Crash
habis pembaruan malah error kecewa saya min,Crash
Suaranya kok beda si gimana sih hilangin bug nya,Crash
kenapa sedikit lemot ya tdk bisa di buka sm skl,Crash
lagu yg sdh didownload tidak bisa diputar semua,Crash
hasil unduhan sering kali gagal di putar,Crash
"vidio sering berhenti,tolong d perbaiki",Crash
video lag jadi gak sinkron dengan audionya,Crash
"You tube go rusak, eror, gak bagus.",Crash
nyebelin ngak bisa di putar fidionya :'(,Crash
kenapa YouTube saya gak bisa di buka lagi,Crash
"Sudah capek2 install, eh ga bisa dibuka....",Crash
wifi udah bagus sinyal bagus masi aja eror,Crash
keren tapi sayang error silahkan coba lagi,Crash
kok. ini gak ada tampilan nya yahh pas di beranda,Crash
gk bisa login username tidak tersedia terus,Crash
bangsat aku verifikasi shopeepay gagal terus....,Crash
Kenapa ya ? kok saya gagal terus mengirim pesan ?,Crash
Anjeng pEpek gak bisa masuk w mau tabok Q,Crash
Kl d mainin selalu ada tulisan data error terus,Crash
Game apaan nih di download nggak bisa dibuka,Crash
Game nya gk bisa di buka gk enak main nya,Crash
Permainan ini gak bisa di buka sama sekali,Crash
Mau di mainin keluar sendiri tolong perbaiki lagi,Crash
baguss. tapi ludo nya jangan suka eror y,Crash
sering lag.. keluar angka nya juga kaya di atur,Crash
"parah.... logut trus min, tolong diperbaiki",Crash
"ga bisa dibuka, untuk android v.6.1 (marsmello)",Crash
kenapa sekarang gak bisa di buka.!!!,Crash
terlalu banyak iklan mengganggu. membuat hp hang,Crash
permainanya ngelag terus dan bikin lemot,Crash
ada game yang gk bisa dibukak buruk sekali,Crash
kok ini word nya tidak bisa masuk ya bacot banget,Crash
kenapa minicraft nya gak bisa masuk,Crash
kenapa minecraft tidak dibuat gratis,Crash
jelek gk bisa login mending aplikasi DANA,Crash
gw kecewa bht nih game uda urutan 1 eror broo gila,Crash
saat set up files gak bisa di buka kenapa ya,Crash
kok ni game gua gak bisa masuk tolok dibenerin,Crash
gua gak bisa masuk trs bikin jp lemot-_-,Crash
gak bisa dibuka 200mb data apa lagi,Crash
"banyak cheater , server ngelag(sampah)",Crash
bintang 1 dulu...sinyal nya di perbaiki adim,Crash
"stuck di ""mengunduh set-up files"" mulu",Crash
bang kok ga bisa masuk ke gamenya benerin bang,Crash
ping nya parah game lain lancar tombol suka error,Crash
klo mau race lost konect. 5x percobaan gagal semua,Crash
knpa fecbooknya gk bisa di buka makin jelek,Crash
setelah diperbarui aplikasi tidak dapat dibuka,Crash
kanapa sih terkeluar trus mohon di perbaiki lgi yh,Crash
g bisa dibuka loading mulu lag parah hufff,Crash
notifikasi nya ga muncul kalo ada yg ngewa,Crash
kenapa sering keluar tolong diperbaiki lagi,Crash
"Tolong di perbarui lagi min, ff gak bisa masuk",Crash
tolong perbaikin..tidak support di android P,Crash
"apk asuu,,suka keluar sendiri,,perbaikin dong",Crash
nyesel download... gak bisa dibuka!!,Crash
Aplikasi goblok gak bisa di bukak tolol,Crash
Aplikasi parallel space Tdk dapat terbuka,Crash
Ayolah cuy perbaiki cape gw bolak balik mulu,Crash
"Perbaiki cok, forse close Mulu ini setiap buka apk",Crash
"Sampah, baru download tapi ga bisa masuk.",Crash
Kok eror tidak bisa masuk? I cant sign in,Crash
Sering keluadr sendiri. Perbaiki donk,Crash
Abis di update kenapa ga bisa dibuka?,Crash
Tidak dapat di buka.. Tolong sulosi nya gimana ini,Crash
Kaya babi gak bisa dibuka kadang kadang,Crash
Gak guna! Bikin akun WA baru eror mulu taek,Crash
Buat akun fb lama Gak bisa login free fire,Crash
"Lag parah main mobile legend,aplikasi apaan nih",Crash
Kampret apaan nih appnya nggak bisa dibuka,Crash
"Gak bisa masuk kegamenya,lebih bagus yang dulu",Crash
"Multiple sih bisa, tapi aplikasi wa gak berfungsi",Crash
"Kenapa gak bisa masuk terus, Kecewa pengguna",Crash
Kenapa jadi eror ? Duplikat whatsup gabisa dipake,Crash
"sering keluar gak jelas, diperbaiki lagi",Crash
"Tidak bisa di buka, nyesal sudah instal",Crash
"gajelas bego , gk bisa dibuka tolol",Crash
gk bisa di buka aplikasi macam apa ini,Crash
Gak bisa di buka semenjak di update,Crash
"Ngelag Bangetttt, Jijikk Tolong Diperbaiki, Anjing",Crash
Tolong di perbaiki kok kluar sendiri,Crash
"Tolong perbaiki, suka keluar sendiri.",Crash
Aplikasi suka crash sendiri saat dibuka....pyh,Crash
Payah..tidak berfungsi dengan baik.,Crash
Gak bisa masuk sms kode secara otomatis,Crash
Yah gw pake lag banget semenjak update,Crash
Kok sekarang GA bisa kebuka? Tolong Di perbaiki,Crash
Lemot buka whatsap aja sering gagal payah,Crash
Gk bisa di buka tema nya gimana sih,Crash
Setiap saya non video pasti engga bisa di buka,Crash
Tolong di perbaiki biar ga lama masuknya,Crash
tolong aq udah punya akun kok gk bisa di buka ya,Crash
Dasar game kampret ga bisa masuk ke dalam game,Crash
kok dak bisa gratis perbaiki sekarang pokok nyo,Crash
Makin diupdate makin eror!tolong maleo perbaiki,Crash
grafiknya perlu diperbaiki. msh burik,Crash
gagal instal terussssss.....knapa nya......,Crash
makin kayak tai...dah 2 hari gak bisa masuk anjing,Crash
kenapa TH sy gak bisa masuk stop di memuat saja,Crash
kenapa hari ini enggak bisa dibukak coc nya,Crash
padahal jaringan bagus tpi masih aja gk jalan,Crash
woy kenapa gk bisa masuk kalo pakek data seluller,Crash
game kirik di hp j2 prem ga bisa di buka ngentot,Crash
suda dri tadi siang tidak bisa di buka apaan coba,Crash
"Tolong di perbaiki lagi, kita user gak bisa masuk",Crash
diupdate mlah ngelag g bs masuk. tlg dperbaiki,Crash
game apaan tai tiba-tiba tidak bisa dibuka,Crash
kenapa setelah update gak bisa di buka?,Crash
setan udah di instal gelap ga bisa di buka,Crash
mohon perbaiki cocnya beri hero yg lain,Crash
"kok udah update,gak bisa dibuka...loading terus??",Crash
Keluar mulu. sekrng gk bisa di buka games tai,Crash
layont editor hilang tolong accountku di perbaiki,Crash
setelah update kok nggk bisa dibuka,Crash
permainan clannya eror . benerin sperchell,Crash
kenapa aplikasinya tidak bisa di buka,Crash
"coc skarang ga bisa dibuka knapa,,,",Crash
Adzannya mengapa tidak berfungsi ya?,Crash
ga bisa masuk tolong di perbaik plis,Crash
"Keluar terus setiap loading,,tolong perbaiki donk",Crash
Gk bisa di buka.. jangan di download,Crash
KENAPA ??Kok close mulu tolong di perbaiki,Crash
tolong di perbaiki gemnya biar bisa di buka,Crash
Masa gak bisa dibuka? Tolong perbaiki dong!,Crash
Dibuka keluar terus tolong perbaiki ya,Crash
"kenapa tidak bisa di pasang di hp aku,,?",Crash
Aplikasi ini tidak muncul saat aku mau foto,Crash
knp aetelah di upgrade ga bisa d buka ni apilkasi?,Crash
jangan terlalu banyak fitur bikin HP lag,Crash
"Aplikasi ini sangat jelek, ngelag mulu anjeng ",Crash
ko loading aja ga bisa di buka sih????,Crash
"Gak bisa di instal si kont*l, capek"" download",Crash
Tolong diperbaiki terutama di bagian edit ....,Crash
"sangat kecewa, semua lagu ngak bisa di putar",Crash
kok ga bisa dibuka y force close trus,Crash
Aplikasi gk mutu eror mulu bikin kesel,Crash
ini kenapa jooxnya gak bisa login seh,Crash
update nya kacau. perbaiki lagi lah...,Crash
"parah,,gak bisa di simpan,,harus bayar,,,",Crash
aplikasi memek ini kadang ga bisa di buka,Crash
ga bisa di simpan vidio nya harus pake pulsa terus,Crash
Udh maau disimpen eh tapi gk bs dibuka goblokkk,Crash
Dah dawn load lama lama gak bisa di buka,Crash
Tidak bisa menyimpan Karena harus vip,Crash
kenapa aku tidak bisa menyimpan video nya ?!!!!,Crash
eror terus gak bisa di ekstra bangsadd,Crash
Gak bener aplikasinya mesti eror terus,Crash
Sering error tiba2 berenti dan keluar aplikasi!,Crash
cape2 bikin eror terus buang2 waktu. brengsek,Crash
"ga bisa dibuka, untuk android v.6.1 (marsmello)",Crash
kenapa sekarang gak bisa di buka.!!!,Crash
Apk anjing tadinya lancar malah ngelag...asu,Crash
"gak bisa dibuka , loading terus sampek sukses",Crash
"suee lg banyak bola gk bisa di buka,,gembelll",Crash
goblok lg ada jadwal maen malah gak bisa masuk,Crash
Woi knpa maxtream gk bisa d buka profesional dong,Crash
Apk nya ga jalan. Saya pake xiaomi redmi note 4.,Crash
wuy admin ko.aplikasi nya ga bisa di buka,Crash
aplikasi ny skrg ancur gk bisa d buka,Crash
kenapa gk bisa masuk ke appnya yak loading terus,Crash
udh pakai jaringan malah gk bisa di buka ini app,Crash
ngk ada coment yg positif haha perbaiki coy,Crash
error jaringan saya 4g tapi tetap gak bisa masuk,Crash
"kok gak bisa di buka sih app nya-, hmm",Crash
waktu mau streaming aplnya gk bisa dibuka,Crash
loading mulu gak bisa dibuka keknya min,Crash
tidak bisa diakses padahal ada fulham vs mu,Crash
aplikasi taik ndak bisa di buka pk wifi,Crash
Pas lagi dibutuhkan malah gk bisa di buka,Crash
Setiap mau nonton sistem error mulu payah,Crash
aplikasi kontol gabisa dibuka sering eror kampang,Crash
"ko tidak bisa login , tolong d perbaiki lagi",Crash
maaf sebelumnya ini ko gk bisa di buka y .,Crash
"streaming liga iNdonesia aja ngelag, tai lah",Crash
"aplikasi pembodohan , loading tok gak bisa masuk",Crash
ko nomor telcomsel gua gk bisa di daftarin sih..,Crash
"pas ada big match malah eror, kecewa",Crash
"gak bisa dibuka, padahal ada kuota maxstreamnya.",Crash
gk bisa dibuka dodol..udah beli kuota videomax,Crash
udah di instal malah gak bisa dibuka!,Crash
gak bisa dibuka..masa cuma loading muluuu kampret,Crash
aplikasi buriq nge lag trs!! Telkomsel gmna sih?,Crash
"ga bisa di buka , jelek aplikasi nya , nyesel saya",Crash
payah engk beli kouta maxtream eror,Crash
kenapa nggak bisa dibuka yaelah anjerrrrrr,Crash
gimana ni aplikasinya gak bisa dibuka,Crash
sering leg gak bisa dibuka aplikasinya,Crash
mau bukuka ya susah tolong d perbaiki,Crash
"bintang satu dulu, di matchday malah eror",Crash
"tidak bisa dibuka, padahal sinyal bagus. bad!",Crash
kenapa gak bisa di buka ini tolong dong .,Crash
"tidak bisa masuk, sia sia beli kuota vidiomax",Crash
loading nya kayak keong. tolong diperbaiki. Thx,Crash
"Knapa ini kok nggak bisa dibuka, kecewa mendalam,",Crash
lol tiba2 gk bs di buka.. tlg diperbaiki,Crash
ko sekarang gk bisa di buka lagi pak..,Crash
"saya udah instal, tapi tidak bisa di buka",Crash
Wey admin knpa gak bisa di buka nihh..,Crash
parah ngak bisa di buka ni aplikasi,Crash
Aplikasi eror terus tidak bisa di buka.,Crash
"Macam Kontol pun in, gk bisa di buka",Crash
"kagak bisa di buka, mohon diperbaiki",Crash
knapa tidak bisa di buka max stream,Crash
tidak bisa dibuka padahal kuota banyak,Crash
apk apa ini gak menampilkan liga champion,Crash
"aplikasi nya error, tlong diperbaiki",Crash
aplikasinya gk bisa d buka lagi kamvreetttt .. .,Crash
kenapa sekarang jadi error. kecewa saya.,Crash
kenapa hari ini gak bisa dibuka apk buruk!!!!!,Crash
kok tidak bisa dibuka ya loading terus?,Crash
gk bs masuk aplikasiny. loading terus.,Crash
gk bisa loging...percuma beli paket maxstream,Crash
"Aplikasi gagal nih, jgn di download.",Crash
kenapa max stream tidak bisa di buka?,Crash
kenapa gak bisa dibuka...? padahal jaringan bagus,Crash
ini kenapa ya ? kok aplikasinya tdk bisa di buka ?,Crash
kalo pas ada bola ga bisa diakses!!! kecewa...,Crash
aplikasi tidak bisa di Buka mengecewakan,Crash
"Tak terpakai,gk berfungsi sama sekali,,",Crash
gak bisa dibuka nyeselll...jgn update,Crash
Selamat ga bisa dibuka... Top markotop,Crash
"app gk bisa di buka..., mohon di perbaiki",Crash
barusan tidak bisa dibuka.... kecewa,Crash
aplikasi jlek...kadang2 jadi...kebanyakan eror,Crash
"ga bisa di buka,, why? biasanya lancar..",Crash
hadeh..... tidak bisa di buka.. payah,Crash
kenapa sekarang ga bisa dibuka????? payaaah ,Crash
Aplikasi anjing....... saat perlu eror......,Crash
Perbaiki kenapa di os android 6.0 ada masalah,Crash
"Udah beli,tapi download konten nya eror eror mulu",Crash
Saya beli yg full tp ko malah eror terus yh?,Crash
udah bayar pake gak bisa di buka segala,Crash
Game apaan ini kok gak bisa masuk anjing,Crash
Gak bisa masuk padahal internet bagus,Crash
loh kok gak bisa masuk tolong diberbarui,Crash
Apan ni error error terus kalau masuk ke game ya,Crash
Kenapa ga bisa dibuka tolong donk min,Crash
kenapa tidak bisa masuk...sangat mengecewakan,Crash
Caranya gimana y biar bebas dari eror 6010,Crash
Game sial udah bayar gak bisa di bukak,Crash
Kok ngelag bgt Yaa?  Padahal Ram saya mengcukupi,Crash
Selalu gagal download. Mohon di perbaiki,Crash
Loadingnya lama banget dan bikin lag,Crash
Kenapa aplikasinya tidak bisa dijalankan??,Crash
gamenya rusak tidak bisa di buka *lenovo k4 note*,Crash
Gak bisa di download di dalem tolong perbaiki,Crash
"Gak bisa di buka, nyesel beli game ini !!",Crash
Kembalikan duit gue  Game macam apa ini eror terus,Crash
